ep_size,backend,mode,num_micro_batches,batch,seq,tokens,status,detail,decode_tpot_ms,oom_side,report,pipeline,resource_h1,resource_h2,h1_rank0_log,h2_rank1_log,h2_rank_last_log
16,broadcast_reduce_overlap,serial,2,2,128,20,OK,,175.665,,/home/zhangyz/afd_demo/results_npu_ep16_crosshost_host2/serial_ep16_broadcast_reduce_overlap_b2_s128_t20/report_xhost_static_serial_ep16_broadcast_reduce_overlap_b2_s128_t20.md,,/home/zhangyz/afd_demo/results_npu_ep16_crosshost_host2/serial_ep16_broadcast_reduce_overlap_b2_s128_t20/npu_smi_host1.log,/home/zhangyz/afd_demo/results_npu_ep16_crosshost_host2/serial_ep16_broadcast_reduce_overlap_b2_s128_t20/npu_smi_host2.log,/workspace/afd_demo_crosshost_ep/results_npu_ep16_crosshost_host2/serial_ep16_broadcast_reduce_overlap_b2_s128_t20/h1_rank0.log,/workspace/afd_demo_repo_crosshost_ep/results_npu_ep16_crosshost_host2/serial_ep16_broadcast_reduce_overlap_b2_s128_t20/h2_rank1.log,/workspace/afd_demo_repo_crosshost_ep/results_npu_ep16_crosshost_host2/serial_ep16_broadcast_reduce_overlap_b2_s128_t20/h2_rank16.log
16,broadcast_reduce_overlap,decode-dbo,2,2,128,20,OK,,226.867,,/home/zhangyz/afd_demo/results_npu_ep16_crosshost_host2/decode-dbo_ep16_broadcast_reduce_overlap_b2_s128_t20/report_xhost_static_decode-dbo_ep16_broadcast_reduce_overlap_b2_s128_t20.md,/home/zhangyz/afd_demo/results_npu_ep16_crosshost_host2/decode-dbo_ep16_broadcast_reduce_overlap_b2_s128_t20/pipeline_xhost_static_decode-dbo_ep16_broadcast_reduce_overlap_b2_s128_t20.png,/home/zhangyz/afd_demo/results_npu_ep16_crosshost_host2/decode-dbo_ep16_broadcast_reduce_overlap_b2_s128_t20/npu_smi_host1.log,/home/zhangyz/afd_demo/results_npu_ep16_crosshost_host2/decode-dbo_ep16_broadcast_reduce_overlap_b2_s128_t20/npu_smi_host2.log,/workspace/afd_demo_crosshost_ep/results_npu_ep16_crosshost_host2/decode-dbo_ep16_broadcast_reduce_overlap_b2_s128_t20/h1_rank0.log,/workspace/afd_demo_repo_crosshost_ep/results_npu_ep16_crosshost_host2/decode-dbo_ep16_broadcast_reduce_overlap_b2_s128_t20/h2_rank1.log,/workspace/afd_demo_repo_crosshost_ep/results_npu_ep16_crosshost_host2/decode-dbo_ep16_broadcast_reduce_overlap_b2_s128_t20/h2_rank16.log
16,broadcast_reduce_overlap,serial,2,4,128,20,OK,,191.235,,/home/zhangyz/afd_demo/results_npu_ep16_crosshost_host2/serial_ep16_broadcast_reduce_overlap_b4_s128_t20/report_xhost_static_serial_ep16_broadcast_reduce_overlap_b4_s128_t20.md,,/home/zhangyz/afd_demo/results_npu_ep16_crosshost_host2/serial_ep16_broadcast_reduce_overlap_b4_s128_t20/npu_smi_host1.log,/home/zhangyz/afd_demo/results_npu_ep16_crosshost_host2/serial_ep16_broadcast_reduce_overlap_b4_s128_t20/npu_smi_host2.log,/workspace/afd_demo_crosshost_ep/results_npu_ep16_crosshost_host2/serial_ep16_broadcast_reduce_overlap_b4_s128_t20/h1_rank0.log,/workspace/afd_demo_repo_crosshost_ep/results_npu_ep16_crosshost_host2/serial_ep16_broadcast_reduce_overlap_b4_s128_t20/h2_rank1.log,/workspace/afd_demo_repo_crosshost_ep/results_npu_ep16_crosshost_host2/serial_ep16_broadcast_reduce_overlap_b4_s128_t20/h2_rank16.log
16,broadcast_reduce_overlap,decode-dbo,2,4,128,20,OK,,248.340,,/home/zhangyz/afd_demo/results_npu_ep16_crosshost_host2/decode-dbo_ep16_broadcast_reduce_overlap_b4_s128_t20/report_xhost_static_decode-dbo_ep16_broadcast_reduce_overlap_b4_s128_t20.md,/home/zhangyz/afd_demo/results_npu_ep16_crosshost_host2/decode-dbo_ep16_broadcast_reduce_overlap_b4_s128_t20/pipeline_xhost_static_decode-dbo_ep16_broadcast_reduce_overlap_b4_s128_t20.png,/home/zhangyz/afd_demo/results_npu_ep16_crosshost_host2/decode-dbo_ep16_broadcast_reduce_overlap_b4_s128_t20/npu_smi_host1.log,/home/zhangyz/afd_demo/results_npu_ep16_crosshost_host2/decode-dbo_ep16_broadcast_reduce_overlap_b4_s128_t20/npu_smi_host2.log,/workspace/afd_demo_crosshost_ep/results_npu_ep16_crosshost_host2/decode-dbo_ep16_broadcast_reduce_overlap_b4_s128_t20/h1_rank0.log,/workspace/afd_demo_repo_crosshost_ep/results_npu_ep16_crosshost_host2/decode-dbo_ep16_broadcast_reduce_overlap_b4_s128_t20/h2_rank1.log,/workspace/afd_demo_repo_crosshost_ep/results_npu_ep16_crosshost_host2/decode-dbo_ep16_broadcast_reduce_overlap_b4_s128_t20/h2_rank16.log
16,broadcast_reduce_overlap,serial,2,8,128,20,OK,,212.991,,/home/zhangyz/afd_demo/results_npu_ep16_crosshost_host2/serial_ep16_broadcast_reduce_overlap_b8_s128_t20/report_xhost_static_serial_ep16_broadcast_reduce_overlap_b8_s128_t20.md,,/home/zhangyz/afd_demo/results_npu_ep16_crosshost_host2/serial_ep16_broadcast_reduce_overlap_b8_s128_t20/npu_smi_host1.log,/home/zhangyz/afd_demo/results_npu_ep16_crosshost_host2/serial_ep16_broadcast_reduce_overlap_b8_s128_t20/npu_smi_host2.log,/workspace/afd_demo_crosshost_ep/results_npu_ep16_crosshost_host2/serial_ep16_broadcast_reduce_overlap_b8_s128_t20/h1_rank0.log,/workspace/afd_demo_repo_crosshost_ep/results_npu_ep16_crosshost_host2/serial_ep16_broadcast_reduce_overlap_b8_s128_t20/h2_rank1.log,/workspace/afd_demo_repo_crosshost_ep/results_npu_ep16_crosshost_host2/serial_ep16_broadcast_reduce_overlap_b8_s128_t20/h2_rank16.log
16,broadcast_reduce_overlap,decode-dbo,2,8,128,20,OK,,279.032,,/home/zhangyz/afd_demo/results_npu_ep16_crosshost_host2/decode-dbo_ep16_broadcast_reduce_overlap_b8_s128_t20/report_xhost_static_decode-dbo_ep16_broadcast_reduce_overlap_b8_s128_t20.md,/home/zhangyz/afd_demo/results_npu_ep16_crosshost_host2/decode-dbo_ep16_broadcast_reduce_overlap_b8_s128_t20/pipeline_xhost_static_decode-dbo_ep16_broadcast_reduce_overlap_b8_s128_t20.png,/home/zhangyz/afd_demo/results_npu_ep16_crosshost_host2/decode-dbo_ep16_broadcast_reduce_overlap_b8_s128_t20/npu_smi_host1.log,/home/zhangyz/afd_demo/results_npu_ep16_crosshost_host2/decode-dbo_ep16_broadcast_reduce_overlap_b8_s128_t20/npu_smi_host2.log,/workspace/afd_demo_crosshost_ep/results_npu_ep16_crosshost_host2/decode-dbo_ep16_broadcast_reduce_overlap_b8_s128_t20/h1_rank0.log,/workspace/afd_demo_repo_crosshost_ep/results_npu_ep16_crosshost_host2/decode-dbo_ep16_broadcast_reduce_overlap_b8_s128_t20/h2_rank1.log,/workspace/afd_demo_repo_crosshost_ep/results_npu_ep16_crosshost_host2/decode-dbo_ep16_broadcast_reduce_overlap_b8_s128_t20/h2_rank16.log
16,broadcast_reduce_overlap,serial,2,16,128,20,OK,,251.015,,/home/zhangyz/afd_demo/results_npu_ep16_crosshost_host2/serial_ep16_broadcast_reduce_overlap_b16_s128_t20/report_xhost_static_serial_ep16_broadcast_reduce_overlap_b16_s128_t20.md,,/home/zhangyz/afd_demo/results_npu_ep16_crosshost_host2/serial_ep16_broadcast_reduce_overlap_b16_s128_t20/npu_smi_host1.log,/home/zhangyz/afd_demo/results_npu_ep16_crosshost_host2/serial_ep16_broadcast_reduce_overlap_b16_s128_t20/npu_smi_host2.log,/workspace/afd_demo_crosshost_ep/results_npu_ep16_crosshost_host2/serial_ep16_broadcast_reduce_overlap_b16_s128_t20/h1_rank0.log,/workspace/afd_demo_repo_crosshost_ep/results_npu_ep16_crosshost_host2/serial_ep16_broadcast_reduce_overlap_b16_s128_t20/h2_rank1.log,/workspace/afd_demo_repo_crosshost_ep/results_npu_ep16_crosshost_host2/serial_ep16_broadcast_reduce_overlap_b16_s128_t20/h2_rank16.log
16,broadcast_reduce_overlap,decode-dbo,2,16,128,20,OK,,324.540,,/home/zhangyz/afd_demo/results_npu_ep16_crosshost_host2/decode-dbo_ep16_broadcast_reduce_overlap_b16_s128_t20/report_xhost_static_decode-dbo_ep16_broadcast_reduce_overlap_b16_s128_t20.md,/home/zhangyz/afd_demo/results_npu_ep16_crosshost_host2/decode-dbo_ep16_broadcast_reduce_overlap_b16_s128_t20/pipeline_xhost_static_decode-dbo_ep16_broadcast_reduce_overlap_b16_s128_t20.png,/home/zhangyz/afd_demo/results_npu_ep16_crosshost_host2/decode-dbo_ep16_broadcast_reduce_overlap_b16_s128_t20/npu_smi_host1.log,/home/zhangyz/afd_demo/results_npu_ep16_crosshost_host2/decode-dbo_ep16_broadcast_reduce_overlap_b16_s128_t20/npu_smi_host2.log,/workspace/afd_demo_crosshost_ep/results_npu_ep16_crosshost_host2/decode-dbo_ep16_broadcast_reduce_overlap_b16_s128_t20/h1_rank0.log,/workspace/afd_demo_repo_crosshost_ep/results_npu_ep16_crosshost_host2/decode-dbo_ep16_broadcast_reduce_overlap_b16_s128_t20/h2_rank1.log,/workspace/afd_demo_repo_crosshost_ep/results_npu_ep16_crosshost_host2/decode-dbo_ep16_broadcast_reduce_overlap_b16_s128_t20/h2_rank16.log
16,broadcast_reduce_overlap,serial,2,32,128,20,OK,,306.190,,/home/zhangyz/afd_demo/results_npu_ep16_crosshost_host2/serial_ep16_broadcast_reduce_overlap_b32_s128_t20/report_xhost_static_serial_ep16_broadcast_reduce_overlap_b32_s128_t20.md,,/home/zhangyz/afd_demo/results_npu_ep16_crosshost_host2/serial_ep16_broadcast_reduce_overlap_b32_s128_t20/npu_smi_host1.log,/home/zhangyz/afd_demo/results_npu_ep16_crosshost_host2/serial_ep16_broadcast_reduce_overlap_b32_s128_t20/npu_smi_host2.log,/workspace/afd_demo_crosshost_ep/results_npu_ep16_crosshost_host2/serial_ep16_broadcast_reduce_overlap_b32_s128_t20/h1_rank0.log,/workspace/afd_demo_repo_crosshost_ep/results_npu_ep16_crosshost_host2/serial_ep16_broadcast_reduce_overlap_b32_s128_t20/h2_rank1.log,/workspace/afd_demo_repo_crosshost_ep/results_npu_ep16_crosshost_host2/serial_ep16_broadcast_reduce_overlap_b32_s128_t20/h2_rank16.log
16,broadcast_reduce_overlap,decode-dbo,2,32,128,20,OK,,383.229,,/home/zhangyz/afd_demo/results_npu_ep16_crosshost_host2/decode-dbo_ep16_broadcast_reduce_overlap_b32_s128_t20/report_xhost_static_decode-dbo_ep16_broadcast_reduce_overlap_b32_s128_t20.md,/home/zhangyz/afd_demo/results_npu_ep16_crosshost_host2/decode-dbo_ep16_broadcast_reduce_overlap_b32_s128_t20/pipeline_xhost_static_decode-dbo_ep16_broadcast_reduce_overlap_b32_s128_t20.png,/home/zhangyz/afd_demo/results_npu_ep16_crosshost_host2/decode-dbo_ep16_broadcast_reduce_overlap_b32_s128_t20/npu_smi_host1.log,/home/zhangyz/afd_demo/results_npu_ep16_crosshost_host2/decode-dbo_ep16_broadcast_reduce_overlap_b32_s128_t20/npu_smi_host2.log,/workspace/afd_demo_crosshost_ep/results_npu_ep16_crosshost_host2/decode-dbo_ep16_broadcast_reduce_overlap_b32_s128_t20/h1_rank0.log,/workspace/afd_demo_repo_crosshost_ep/results_npu_ep16_crosshost_host2/decode-dbo_ep16_broadcast_reduce_overlap_b32_s128_t20/h2_rank1.log,/workspace/afd_demo_repo_crosshost_ep/results_npu_ep16_crosshost_host2/decode-dbo_ep16_broadcast_reduce_overlap_b32_s128_t20/h2_rank16.log
16,broadcast_reduce_overlap,serial,2,64,128,20,OK,,429.684,,/home/zhangyz/afd_demo/results_npu_ep16_crosshost_host2/serial_ep16_broadcast_reduce_overlap_b64_s128_t20/report_xhost_static_serial_ep16_broadcast_reduce_overlap_b64_s128_t20.md,,/home/zhangyz/afd_demo/results_npu_ep16_crosshost_host2/serial_ep16_broadcast_reduce_overlap_b64_s128_t20/npu_smi_host1.log,/home/zhangyz/afd_demo/results_npu_ep16_crosshost_host2/serial_ep16_broadcast_reduce_overlap_b64_s128_t20/npu_smi_host2.log,/workspace/afd_demo_crosshost_ep/results_npu_ep16_crosshost_host2/serial_ep16_broadcast_reduce_overlap_b64_s128_t20/h1_rank0.log,/workspace/afd_demo_repo_crosshost_ep/results_npu_ep16_crosshost_host2/serial_ep16_broadcast_reduce_overlap_b64_s128_t20/h2_rank1.log,/workspace/afd_demo_repo_crosshost_ep/results_npu_ep16_crosshost_host2/serial_ep16_broadcast_reduce_overlap_b64_s128_t20/h2_rank16.log
16,broadcast_reduce_overlap,decode-dbo,2,64,128,20,OK,,527.804,,/home/zhangyz/afd_demo/results_npu_ep16_crosshost_host2/decode-dbo_ep16_broadcast_reduce_overlap_b64_s128_t20/report_xhost_static_decode-dbo_ep16_broadcast_reduce_overlap_b64_s128_t20.md,/home/zhangyz/afd_demo/results_npu_ep16_crosshost_host2/decode-dbo_ep16_broadcast_reduce_overlap_b64_s128_t20/pipeline_xhost_static_decode-dbo_ep16_broadcast_reduce_overlap_b64_s128_t20.png,/home/zhangyz/afd_demo/results_npu_ep16_crosshost_host2/decode-dbo_ep16_broadcast_reduce_overlap_b64_s128_t20/npu_smi_host1.log,/home/zhangyz/afd_demo/results_npu_ep16_crosshost_host2/decode-dbo_ep16_broadcast_reduce_overlap_b64_s128_t20/npu_smi_host2.log,/workspace/afd_demo_crosshost_ep/results_npu_ep16_crosshost_host2/decode-dbo_ep16_broadcast_reduce_overlap_b64_s128_t20/h1_rank0.log,/workspace/afd_demo_repo_crosshost_ep/results_npu_ep16_crosshost_host2/decode-dbo_ep16_broadcast_reduce_overlap_b64_s128_t20/h2_rank1.log,/workspace/afd_demo_repo_crosshost_ep/results_npu_ep16_crosshost_host2/decode-dbo_ep16_broadcast_reduce_overlap_b64_s128_t20/h2_rank16.log
16,broadcast_reduce_overlap,serial,2,2,256,20,OK,,176.509,,/home/zhangyz/afd_demo/results_npu_ep16_crosshost_host2/serial_ep16_broadcast_reduce_overlap_b2_s256_t20/report_xhost_static_serial_ep16_broadcast_reduce_overlap_b2_s256_t20.md,,/home/zhangyz/afd_demo/results_npu_ep16_crosshost_host2/serial_ep16_broadcast_reduce_overlap_b2_s256_t20/npu_smi_host1.log,/home/zhangyz/afd_demo/results_npu_ep16_crosshost_host2/serial_ep16_broadcast_reduce_overlap_b2_s256_t20/npu_smi_host2.log,/workspace/afd_demo_crosshost_ep/results_npu_ep16_crosshost_host2/serial_ep16_broadcast_reduce_overlap_b2_s256_t20/h1_rank0.log,/workspace/afd_demo_repo_crosshost_ep/results_npu_ep16_crosshost_host2/serial_ep16_broadcast_reduce_overlap_b2_s256_t20/h2_rank1.log,/workspace/afd_demo_repo_crosshost_ep/results_npu_ep16_crosshost_host2/serial_ep16_broadcast_reduce_overlap_b2_s256_t20/h2_rank16.log
16,broadcast_reduce_overlap,decode-dbo,2,2,256,20,OK,,219.536,,/home/zhangyz/afd_demo/results_npu_ep16_crosshost_host2/decode-dbo_ep16_broadcast_reduce_overlap_b2_s256_t20/report_xhost_static_decode-dbo_ep16_broadcast_reduce_overlap_b2_s256_t20.md,/home/zhangyz/afd_demo/results_npu_ep16_crosshost_host2/decode-dbo_ep16_broadcast_reduce_overlap_b2_s256_t20/pipeline_xhost_static_decode-dbo_ep16_broadcast_reduce_overlap_b2_s256_t20.png,/home/zhangyz/afd_demo/results_npu_ep16_crosshost_host2/decode-dbo_ep16_broadcast_reduce_overlap_b2_s256_t20/npu_smi_host1.log,/home/zhangyz/afd_demo/results_npu_ep16_crosshost_host2/decode-dbo_ep16_broadcast_reduce_overlap_b2_s256_t20/npu_smi_host2.log,/workspace/afd_demo_crosshost_ep/results_npu_ep16_crosshost_host2/decode-dbo_ep16_broadcast_reduce_overlap_b2_s256_t20/h1_rank0.log,/workspace/afd_demo_repo_crosshost_ep/results_npu_ep16_crosshost_host2/decode-dbo_ep16_broadcast_reduce_overlap_b2_s256_t20/h2_rank1.log,/workspace/afd_demo_repo_crosshost_ep/results_npu_ep16_crosshost_host2/decode-dbo_ep16_broadcast_reduce_overlap_b2_s256_t20/h2_rank16.log
16,broadcast_reduce_overlap,serial,2,4,256,20,OK,,189.517,,/home/zhangyz/afd_demo/results_npu_ep16_crosshost_host2/serial_ep16_broadcast_reduce_overlap_b4_s256_t20/report_xhost_static_serial_ep16_broadcast_reduce_overlap_b4_s256_t20.md,,/home/zhangyz/afd_demo/results_npu_ep16_crosshost_host2/serial_ep16_broadcast_reduce_overlap_b4_s256_t20/npu_smi_host1.log,/home/zhangyz/afd_demo/results_npu_ep16_crosshost_host2/serial_ep16_broadcast_reduce_overlap_b4_s256_t20/npu_smi_host2.log,/workspace/afd_demo_crosshost_ep/results_npu_ep16_crosshost_host2/serial_ep16_broadcast_reduce_overlap_b4_s256_t20/h1_rank0.log,/workspace/afd_demo_repo_crosshost_ep/results_npu_ep16_crosshost_host2/serial_ep16_broadcast_reduce_overlap_b4_s256_t20/h2_rank1.log,/workspace/afd_demo_repo_crosshost_ep/results_npu_ep16_crosshost_host2/serial_ep16_broadcast_reduce_overlap_b4_s256_t20/h2_rank16.log
16,broadcast_reduce_overlap,decode-dbo,2,4,256,20,OK,,243.749,,/home/zhangyz/afd_demo/results_npu_ep16_crosshost_host2/decode-dbo_ep16_broadcast_reduce_overlap_b4_s256_t20/report_xhost_static_decode-dbo_ep16_broadcast_reduce_overlap_b4_s256_t20.md,/home/zhangyz/afd_demo/results_npu_ep16_crosshost_host2/decode-dbo_ep16_broadcast_reduce_overlap_b4_s256_t20/pipeline_xhost_static_decode-dbo_ep16_broadcast_reduce_overlap_b4_s256_t20.png,/home/zhangyz/afd_demo/results_npu_ep16_crosshost_host2/decode-dbo_ep16_broadcast_reduce_overlap_b4_s256_t20/npu_smi_host1.log,/home/zhangyz/afd_demo/results_npu_ep16_crosshost_host2/decode-dbo_ep16_broadcast_reduce_overlap_b4_s256_t20/npu_smi_host2.log,/workspace/afd_demo_crosshost_ep/results_npu_ep16_crosshost_host2/decode-dbo_ep16_broadcast_reduce_overlap_b4_s256_t20/h1_rank0.log,/workspace/afd_demo_repo_crosshost_ep/results_npu_ep16_crosshost_host2/decode-dbo_ep16_broadcast_reduce_overlap_b4_s256_t20/h2_rank1.log,/workspace/afd_demo_repo_crosshost_ep/results_npu_ep16_crosshost_host2/decode-dbo_ep16_broadcast_reduce_overlap_b4_s256_t20/h2_rank16.log
16,broadcast_reduce_overlap,serial,2,8,256,20,OK,,222.376,,/home/zhangyz/afd_demo/results_npu_ep16_crosshost_host2/serial_ep16_broadcast_reduce_overlap_b8_s256_t20/report_xhost_static_serial_ep16_broadcast_reduce_overlap_b8_s256_t20.md,,/home/zhangyz/afd_demo/results_npu_ep16_crosshost_host2/serial_ep16_broadcast_reduce_overlap_b8_s256_t20/npu_smi_host1.log,/home/zhangyz/afd_demo/results_npu_ep16_crosshost_host2/serial_ep16_broadcast_reduce_overlap_b8_s256_t20/npu_smi_host2.log,/workspace/afd_demo_crosshost_ep/results_npu_ep16_crosshost_host2/serial_ep16_broadcast_reduce_overlap_b8_s256_t20/h1_rank0.log,/workspace/afd_demo_repo_crosshost_ep/results_npu_ep16_crosshost_host2/serial_ep16_broadcast_reduce_overlap_b8_s256_t20/h2_rank1.log,/workspace/afd_demo_repo_crosshost_ep/results_npu_ep16_crosshost_host2/serial_ep16_broadcast_reduce_overlap_b8_s256_t20/h2_rank16.log
16,broadcast_reduce_overlap,decode-dbo,2,8,256,20,OK,,276.808,,/home/zhangyz/afd_demo/results_npu_ep16_crosshost_host2/decode-dbo_ep16_broadcast_reduce_overlap_b8_s256_t20/report_xhost_static_decode-dbo_ep16_broadcast_reduce_overlap_b8_s256_t20.md,/home/zhangyz/afd_demo/results_npu_ep16_crosshost_host2/decode-dbo_ep16_broadcast_reduce_overlap_b8_s256_t20/pipeline_xhost_static_decode-dbo_ep16_broadcast_reduce_overlap_b8_s256_t20.png,/home/zhangyz/afd_demo/results_npu_ep16_crosshost_host2/decode-dbo_ep16_broadcast_reduce_overlap_b8_s256_t20/npu_smi_host1.log,/home/zhangyz/afd_demo/results_npu_ep16_crosshost_host2/decode-dbo_ep16_broadcast_reduce_overlap_b8_s256_t20/npu_smi_host2.log,/workspace/afd_demo_crosshost_ep/results_npu_ep16_crosshost_host2/decode-dbo_ep16_broadcast_reduce_overlap_b8_s256_t20/h1_rank0.log,/workspace/afd_demo_repo_crosshost_ep/results_npu_ep16_crosshost_host2/decode-dbo_ep16_broadcast_reduce_overlap_b8_s256_t20/h2_rank1.log,/workspace/afd_demo_repo_crosshost_ep/results_npu_ep16_crosshost_host2/decode-dbo_ep16_broadcast_reduce_overlap_b8_s256_t20/h2_rank16.log
16,broadcast_reduce_overlap,serial,2,16,256,20,OK,,256.261,,/home/zhangyz/afd_demo/results_npu_ep16_crosshost_host2/serial_ep16_broadcast_reduce_overlap_b16_s256_t20/report_xhost_static_serial_ep16_broadcast_reduce_overlap_b16_s256_t20.md,,/home/zhangyz/afd_demo/results_npu_ep16_crosshost_host2/serial_ep16_broadcast_reduce_overlap_b16_s256_t20/npu_smi_host1.log,/home/zhangyz/afd_demo/results_npu_ep16_crosshost_host2/serial_ep16_broadcast_reduce_overlap_b16_s256_t20/npu_smi_host2.log,/workspace/afd_demo_crosshost_ep/results_npu_ep16_crosshost_host2/serial_ep16_broadcast_reduce_overlap_b16_s256_t20/h1_rank0.log,/workspace/afd_demo_repo_crosshost_ep/results_npu_ep16_crosshost_host2/serial_ep16_broadcast_reduce_overlap_b16_s256_t20/h2_rank1.log,/workspace/afd_demo_repo_crosshost_ep/results_npu_ep16_crosshost_host2/serial_ep16_broadcast_reduce_overlap_b16_s256_t20/h2_rank16.log
16,broadcast_reduce_overlap,decode-dbo,2,16,256,20,OK,,314.700,,/home/zhangyz/afd_demo/results_npu_ep16_crosshost_host2/decode-dbo_ep16_broadcast_reduce_overlap_b16_s256_t20/report_xhost_static_decode-dbo_ep16_broadcast_reduce_overlap_b16_s256_t20.md,/home/zhangyz/afd_demo/results_npu_ep16_crosshost_host2/decode-dbo_ep16_broadcast_reduce_overlap_b16_s256_t20/pipeline_xhost_static_decode-dbo_ep16_broadcast_reduce_overlap_b16_s256_t20.png,/home/zhangyz/afd_demo/results_npu_ep16_crosshost_host2/decode-dbo_ep16_broadcast_reduce_overlap_b16_s256_t20/npu_smi_host1.log,/home/zhangyz/afd_demo/results_npu_ep16_crosshost_host2/decode-dbo_ep16_broadcast_reduce_overlap_b16_s256_t20/npu_smi_host2.log,/workspace/afd_demo_crosshost_ep/results_npu_ep16_crosshost_host2/decode-dbo_ep16_broadcast_reduce_overlap_b16_s256_t20/h1_rank0.log,/workspace/afd_demo_repo_crosshost_ep/results_npu_ep16_crosshost_host2/decode-dbo_ep16_broadcast_reduce_overlap_b16_s256_t20/h2_rank1.log,/workspace/afd_demo_repo_crosshost_ep/results_npu_ep16_crosshost_host2/decode-dbo_ep16_broadcast_reduce_overlap_b16_s256_t20/h2_rank16.log
16,broadcast_reduce_overlap,serial,2,32,256,20,OK,,307.702,,/home/zhangyz/afd_demo/results_npu_ep16_crosshost_host2/serial_ep16_broadcast_reduce_overlap_b32_s256_t20/report_xhost_static_serial_ep16_broadcast_reduce_overlap_b32_s256_t20.md,,/home/zhangyz/afd_demo/results_npu_ep16_crosshost_host2/serial_ep16_broadcast_reduce_overlap_b32_s256_t20/npu_smi_host1.log,/home/zhangyz/afd_demo/results_npu_ep16_crosshost_host2/serial_ep16_broadcast_reduce_overlap_b32_s256_t20/npu_smi_host2.log,/workspace/afd_demo_crosshost_ep/results_npu_ep16_crosshost_host2/serial_ep16_broadcast_reduce_overlap_b32_s256_t20/h1_rank0.log,/workspace/afd_demo_repo_crosshost_ep/results_npu_ep16_crosshost_host2/serial_ep16_broadcast_reduce_overlap_b32_s256_t20/h2_rank1.log,/workspace/afd_demo_repo_crosshost_ep/results_npu_ep16_crosshost_host2/serial_ep16_broadcast_reduce_overlap_b32_s256_t20/h2_rank16.log
16,broadcast_reduce_overlap,decode-dbo,2,32,256,20,OK,,376.311,,/home/zhangyz/afd_demo/results_npu_ep16_crosshost_host2/decode-dbo_ep16_broadcast_reduce_overlap_b32_s256_t20/report_xhost_static_decode-dbo_ep16_broadcast_reduce_overlap_b32_s256_t20.md,/home/zhangyz/afd_demo/results_npu_ep16_crosshost_host2/decode-dbo_ep16_broadcast_reduce_overlap_b32_s256_t20/pipeline_xhost_static_decode-dbo_ep16_broadcast_reduce_overlap_b32_s256_t20.png,/home/zhangyz/afd_demo/results_npu_ep16_crosshost_host2/decode-dbo_ep16_broadcast_reduce_overlap_b32_s256_t20/npu_smi_host1.log,/home/zhangyz/afd_demo/results_npu_ep16_crosshost_host2/decode-dbo_ep16_broadcast_reduce_overlap_b32_s256_t20/npu_smi_host2.log,/workspace/afd_demo_crosshost_ep/results_npu_ep16_crosshost_host2/decode-dbo_ep16_broadcast_reduce_overlap_b32_s256_t20/h1_rank0.log,/workspace/afd_demo_repo_crosshost_ep/results_npu_ep16_crosshost_host2/decode-dbo_ep16_broadcast_reduce_overlap_b32_s256_t20/h2_rank1.log,/workspace/afd_demo_repo_crosshost_ep/results_npu_ep16_crosshost_host2/decode-dbo_ep16_broadcast_reduce_overlap_b32_s256_t20/h2_rank16.log
16,broadcast_reduce_overlap,serial,2,64,256,20,OK,,432.181,,/home/zhangyz/afd_demo/results_npu_ep16_crosshost_host2/serial_ep16_broadcast_reduce_overlap_b64_s256_t20/report_xhost_static_serial_ep16_broadcast_reduce_overlap_b64_s256_t20.md,,/home/zhangyz/afd_demo/results_npu_ep16_crosshost_host2/serial_ep16_broadcast_reduce_overlap_b64_s256_t20/npu_smi_host1.log,/home/zhangyz/afd_demo/results_npu_ep16_crosshost_host2/serial_ep16_broadcast_reduce_overlap_b64_s256_t20/npu_smi_host2.log,/workspace/afd_demo_crosshost_ep/results_npu_ep16_crosshost_host2/serial_ep16_broadcast_reduce_overlap_b64_s256_t20/h1_rank0.log,/workspace/afd_demo_repo_crosshost_ep/results_npu_ep16_crosshost_host2/serial_ep16_broadcast_reduce_overlap_b64_s256_t20/h2_rank1.log,/workspace/afd_demo_repo_crosshost_ep/results_npu_ep16_crosshost_host2/serial_ep16_broadcast_reduce_overlap_b64_s256_t20/h2_rank16.log
16,broadcast_reduce_overlap,decode-dbo,2,64,256,20,OK,,505.910,,/home/zhangyz/afd_demo/results_npu_ep16_crosshost_host2/decode-dbo_ep16_broadcast_reduce_overlap_b64_s256_t20/report_xhost_static_decode-dbo_ep16_broadcast_reduce_overlap_b64_s256_t20.md,/home/zhangyz/afd_demo/results_npu_ep16_crosshost_host2/decode-dbo_ep16_broadcast_reduce_overlap_b64_s256_t20/pipeline_xhost_static_decode-dbo_ep16_broadcast_reduce_overlap_b64_s256_t20.png,/home/zhangyz/afd_demo/results_npu_ep16_crosshost_host2/decode-dbo_ep16_broadcast_reduce_overlap_b64_s256_t20/npu_smi_host1.log,/home/zhangyz/afd_demo/results_npu_ep16_crosshost_host2/decode-dbo_ep16_broadcast_reduce_overlap_b64_s256_t20/npu_smi_host2.log,/workspace/afd_demo_crosshost_ep/results_npu_ep16_crosshost_host2/decode-dbo_ep16_broadcast_reduce_overlap_b64_s256_t20/h1_rank0.log,/workspace/afd_demo_repo_crosshost_ep/results_npu_ep16_crosshost_host2/decode-dbo_ep16_broadcast_reduce_overlap_b64_s256_t20/h2_rank1.log,/workspace/afd_demo_repo_crosshost_ep/results_npu_ep16_crosshost_host2/decode-dbo_ep16_broadcast_reduce_overlap_b64_s256_t20/h2_rank16.log
16,broadcast_reduce_overlap,serial,2,2,512,20,OK,,173.139,,/home/zhangyz/afd_demo/results_npu_ep16_crosshost_host2/serial_ep16_broadcast_reduce_overlap_b2_s512_t20/report_xhost_static_serial_ep16_broadcast_reduce_overlap_b2_s512_t20.md,,/home/zhangyz/afd_demo/results_npu_ep16_crosshost_host2/serial_ep16_broadcast_reduce_overlap_b2_s512_t20/npu_smi_host1.log,/home/zhangyz/afd_demo/results_npu_ep16_crosshost_host2/serial_ep16_broadcast_reduce_overlap_b2_s512_t20/npu_smi_host2.log,/workspace/afd_demo_crosshost_ep/results_npu_ep16_crosshost_host2/serial_ep16_broadcast_reduce_overlap_b2_s512_t20/h1_rank0.log,/workspace/afd_demo_repo_crosshost_ep/results_npu_ep16_crosshost_host2/serial_ep16_broadcast_reduce_overlap_b2_s512_t20/h2_rank1.log,/workspace/afd_demo_repo_crosshost_ep/results_npu_ep16_crosshost_host2/serial_ep16_broadcast_reduce_overlap_b2_s512_t20/h2_rank16.log
16,broadcast_reduce_overlap,serial,2,4,512,20,OK,,198.517,,/home/zhangyz/afd_demo/results_npu_ep16_crosshost_host2/serial_ep16_broadcast_reduce_overlap_b4_s512_t20/report_xhost_static_serial_ep16_broadcast_reduce_overlap_b4_s512_t20.md,,/home/zhangyz/afd_demo/results_npu_ep16_crosshost_host2/serial_ep16_broadcast_reduce_overlap_b4_s512_t20/npu_smi_host1.log,/home/zhangyz/afd_demo/results_npu_ep16_crosshost_host2/serial_ep16_broadcast_reduce_overlap_b4_s512_t20/npu_smi_host2.log,/workspace/afd_demo_crosshost_ep/results_npu_ep16_crosshost_host2/serial_ep16_broadcast_reduce_overlap_b4_s512_t20/h1_rank0.log,/workspace/afd_demo_repo_crosshost_ep/results_npu_ep16_crosshost_host2/serial_ep16_broadcast_reduce_overlap_b4_s512_t20/h2_rank1.log,/workspace/afd_demo_repo_crosshost_ep/results_npu_ep16_crosshost_host2/serial_ep16_broadcast_reduce_overlap_b4_s512_t20/h2_rank16.log
16,broadcast_reduce_overlap,decode-dbo,2,2,512,20,OK,,215.211,,/home/zhangyz/afd_demo/results_npu_ep16_crosshost_host2/decode-dbo_ep16_broadcast_reduce_overlap_b2_s512_t20/report_xhost_static_decode-dbo_ep16_broadcast_reduce_overlap_b2_s512_t20.md,/home/zhangyz/afd_demo/results_npu_ep16_crosshost_host2/decode-dbo_ep16_broadcast_reduce_overlap_b2_s512_t20/pipeline_xhost_static_decode-dbo_ep16_broadcast_reduce_overlap_b2_s512_t20.png,/home/zhangyz/afd_demo/results_npu_ep16_crosshost_host2/decode-dbo_ep16_broadcast_reduce_overlap_b2_s512_t20/npu_smi_host1.log,/home/zhangyz/afd_demo/results_npu_ep16_crosshost_host2/decode-dbo_ep16_broadcast_reduce_overlap_b2_s512_t20/npu_smi_host2.log,/workspace/afd_demo_crosshost_ep/results_npu_ep16_crosshost_host2/decode-dbo_ep16_broadcast_reduce_overlap_b2_s512_t20/h1_rank0.log,/workspace/afd_demo_repo_crosshost_ep/results_npu_ep16_crosshost_host2/decode-dbo_ep16_broadcast_reduce_overlap_b2_s512_t20/h2_rank1.log,/workspace/afd_demo_repo_crosshost_ep/results_npu_ep16_crosshost_host2/decode-dbo_ep16_broadcast_reduce_overlap_b2_s512_t20/h2_rank16.log
16,broadcast_reduce_overlap,decode-dbo,2,4,512,20,OK,,254.308,,/home/zhangyz/afd_demo/results_npu_ep16_crosshost_host2/decode-dbo_ep16_broadcast_reduce_overlap_b4_s512_t20/report_xhost_static_decode-dbo_ep16_broadcast_reduce_overlap_b4_s512_t20.md,/home/zhangyz/afd_demo/results_npu_ep16_crosshost_host2/decode-dbo_ep16_broadcast_reduce_overlap_b4_s512_t20/pipeline_xhost_static_decode-dbo_ep16_broadcast_reduce_overlap_b4_s512_t20.png,/home/zhangyz/afd_demo/results_npu_ep16_crosshost_host2/decode-dbo_ep16_broadcast_reduce_overlap_b4_s512_t20/npu_smi_host1.log,/home/zhangyz/afd_demo/results_npu_ep16_crosshost_host2/decode-dbo_ep16_broadcast_reduce_overlap_b4_s512_t20/npu_smi_host2.log,/workspace/afd_demo_crosshost_ep/results_npu_ep16_crosshost_host2/decode-dbo_ep16_broadcast_reduce_overlap_b4_s512_t20/h1_rank0.log,/workspace/afd_demo_repo_crosshost_ep/results_npu_ep16_crosshost_host2/decode-dbo_ep16_broadcast_reduce_overlap_b4_s512_t20/h2_rank1.log,/workspace/afd_demo_repo_crosshost_ep/results_npu_ep16_crosshost_host2/decode-dbo_ep16_broadcast_reduce_overlap_b4_s512_t20/h2_rank16.log
16,broadcast_reduce_overlap,serial,2,8,512,20,OK,,220.149,,/home/zhangyz/afd_demo/results_npu_ep16_crosshost_host2/serial_ep16_broadcast_reduce_overlap_b8_s512_t20/report_xhost_static_serial_ep16_broadcast_reduce_overlap_b8_s512_t20.md,,/home/zhangyz/afd_demo/results_npu_ep16_crosshost_host2/serial_ep16_broadcast_reduce_overlap_b8_s512_t20/npu_smi_host1.log,/home/zhangyz/afd_demo/results_npu_ep16_crosshost_host2/serial_ep16_broadcast_reduce_overlap_b8_s512_t20/npu_smi_host2.log,/workspace/afd_demo_crosshost_ep/results_npu_ep16_crosshost_host2/serial_ep16_broadcast_reduce_overlap_b8_s512_t20/h1_rank0.log,/workspace/afd_demo_repo_crosshost_ep/results_npu_ep16_crosshost_host2/serial_ep16_broadcast_reduce_overlap_b8_s512_t20/h2_rank1.log,/workspace/afd_demo_repo_crosshost_ep/results_npu_ep16_crosshost_host2/serial_ep16_broadcast_reduce_overlap_b8_s512_t20/h2_rank16.log
16,broadcast_reduce_overlap,decode-dbo,2,8,512,20,OK,,282.452,,/home/zhangyz/afd_demo/results_npu_ep16_crosshost_host2/decode-dbo_ep16_broadcast_reduce_overlap_b8_s512_t20/report_xhost_static_decode-dbo_ep16_broadcast_reduce_overlap_b8_s512_t20.md,/home/zhangyz/afd_demo/results_npu_ep16_crosshost_host2/decode-dbo_ep16_broadcast_reduce_overlap_b8_s512_t20/pipeline_xhost_static_decode-dbo_ep16_broadcast_reduce_overlap_b8_s512_t20.png,/home/zhangyz/afd_demo/results_npu_ep16_crosshost_host2/decode-dbo_ep16_broadcast_reduce_overlap_b8_s512_t20/npu_smi_host1.log,/home/zhangyz/afd_demo/results_npu_ep16_crosshost_host2/decode-dbo_ep16_broadcast_reduce_overlap_b8_s512_t20/npu_smi_host2.log,/workspace/afd_demo_crosshost_ep/results_npu_ep16_crosshost_host2/decode-dbo_ep16_broadcast_reduce_overlap_b8_s512_t20/h1_rank0.log,/workspace/afd_demo_repo_crosshost_ep/results_npu_ep16_crosshost_host2/decode-dbo_ep16_broadcast_reduce_overlap_b8_s512_t20/h2_rank1.log,/workspace/afd_demo_repo_crosshost_ep/results_npu_ep16_crosshost_host2/decode-dbo_ep16_broadcast_reduce_overlap_b8_s512_t20/h2_rank16.log
16,broadcast_reduce_overlap,serial,2,16,512,20,OK,,256.073,,/home/zhangyz/afd_demo/results_npu_ep16_crosshost_host2/serial_ep16_broadcast_reduce_overlap_b16_s512_t20/report_xhost_static_serial_ep16_broadcast_reduce_overlap_b16_s512_t20.md,,/home/zhangyz/afd_demo/results_npu_ep16_crosshost_host2/serial_ep16_broadcast_reduce_overlap_b16_s512_t20/npu_smi_host1.log,/home/zhangyz/afd_demo/results_npu_ep16_crosshost_host2/serial_ep16_broadcast_reduce_overlap_b16_s512_t20/npu_smi_host2.log,/workspace/afd_demo_crosshost_ep/results_npu_ep16_crosshost_host2/serial_ep16_broadcast_reduce_overlap_b16_s512_t20/h1_rank0.log,/workspace/afd_demo_repo_crosshost_ep/results_npu_ep16_crosshost_host2/serial_ep16_broadcast_reduce_overlap_b16_s512_t20/h2_rank1.log,/workspace/afd_demo_repo_crosshost_ep/results_npu_ep16_crosshost_host2/serial_ep16_broadcast_reduce_overlap_b16_s512_t20/h2_rank16.log
16,broadcast_reduce_overlap,decode-dbo,2,16,512,20,OK,,321.933,,/home/zhangyz/afd_demo/results_npu_ep16_crosshost_host2/decode-dbo_ep16_broadcast_reduce_overlap_b16_s512_t20/report_xhost_static_decode-dbo_ep16_broadcast_reduce_overlap_b16_s512_t20.md,/home/zhangyz/afd_demo/results_npu_ep16_crosshost_host2/decode-dbo_ep16_broadcast_reduce_overlap_b16_s512_t20/pipeline_xhost_static_decode-dbo_ep16_broadcast_reduce_overlap_b16_s512_t20.png,/home/zhangyz/afd_demo/results_npu_ep16_crosshost_host2/decode-dbo_ep16_broadcast_reduce_overlap_b16_s512_t20/npu_smi_host1.log,/home/zhangyz/afd_demo/results_npu_ep16_crosshost_host2/decode-dbo_ep16_broadcast_reduce_overlap_b16_s512_t20/npu_smi_host2.log,/workspace/afd_demo_crosshost_ep/results_npu_ep16_crosshost_host2/decode-dbo_ep16_broadcast_reduce_overlap_b16_s512_t20/h1_rank0.log,/workspace/afd_demo_repo_crosshost_ep/results_npu_ep16_crosshost_host2/decode-dbo_ep16_broadcast_reduce_overlap_b16_s512_t20/h2_rank1.log,/workspace/afd_demo_repo_crosshost_ep/results_npu_ep16_crosshost_host2/decode-dbo_ep16_broadcast_reduce_overlap_b16_s512_t20/h2_rank16.log
16,broadcast_reduce_overlap,serial,2,32,512,20,OK,,313.213,,/home/zhangyz/afd_demo/results_npu_ep16_crosshost_host2/serial_ep16_broadcast_reduce_overlap_b32_s512_t20/report_xhost_static_serial_ep16_broadcast_reduce_overlap_b32_s512_t20.md,,/home/zhangyz/afd_demo/results_npu_ep16_crosshost_host2/serial_ep16_broadcast_reduce_overlap_b32_s512_t20/npu_smi_host1.log,/home/zhangyz/afd_demo/results_npu_ep16_crosshost_host2/serial_ep16_broadcast_reduce_overlap_b32_s512_t20/npu_smi_host2.log,/workspace/afd_demo_crosshost_ep/results_npu_ep16_crosshost_host2/serial_ep16_broadcast_reduce_overlap_b32_s512_t20/h1_rank0.log,/workspace/afd_demo_repo_crosshost_ep/results_npu_ep16_crosshost_host2/serial_ep16_broadcast_reduce_overlap_b32_s512_t20/h2_rank1.log,/workspace/afd_demo_repo_crosshost_ep/results_npu_ep16_crosshost_host2/serial_ep16_broadcast_reduce_overlap_b32_s512_t20/h2_rank16.log
16,broadcast_reduce_overlap,decode-dbo,2,32,512,20,OK,,384.549,,/home/zhangyz/afd_demo/results_npu_ep16_crosshost_host2/decode-dbo_ep16_broadcast_reduce_overlap_b32_s512_t20/report_xhost_static_decode-dbo_ep16_broadcast_reduce_overlap_b32_s512_t20.md,/home/zhangyz/afd_demo/results_npu_ep16_crosshost_host2/decode-dbo_ep16_broadcast_reduce_overlap_b32_s512_t20/pipeline_xhost_static_decode-dbo_ep16_broadcast_reduce_overlap_b32_s512_t20.png,/home/zhangyz/afd_demo/results_npu_ep16_crosshost_host2/decode-dbo_ep16_broadcast_reduce_overlap_b32_s512_t20/npu_smi_host1.log,/home/zhangyz/afd_demo/results_npu_ep16_crosshost_host2/decode-dbo_ep16_broadcast_reduce_overlap_b32_s512_t20/npu_smi_host2.log,/workspace/afd_demo_crosshost_ep/results_npu_ep16_crosshost_host2/decode-dbo_ep16_broadcast_reduce_overlap_b32_s512_t20/h1_rank0.log,/workspace/afd_demo_repo_crosshost_ep/results_npu_ep16_crosshost_host2/decode-dbo_ep16_broadcast_reduce_overlap_b32_s512_t20/h2_rank1.log,/workspace/afd_demo_repo_crosshost_ep/results_npu_ep16_crosshost_host2/decode-dbo_ep16_broadcast_reduce_overlap_b32_s512_t20/h2_rank16.log
16,broadcast_reduce_overlap,serial,2,64,512,20,OK,,440.253,,/home/zhangyz/afd_demo/results_npu_ep16_crosshost_host2/serial_ep16_broadcast_reduce_overlap_b64_s512_t20/report_xhost_static_serial_ep16_broadcast_reduce_overlap_b64_s512_t20.md,,/home/zhangyz/afd_demo/results_npu_ep16_crosshost_host2/serial_ep16_broadcast_reduce_overlap_b64_s512_t20/npu_smi_host1.log,/home/zhangyz/afd_demo/results_npu_ep16_crosshost_host2/serial_ep16_broadcast_reduce_overlap_b64_s512_t20/npu_smi_host2.log,/workspace/afd_demo_crosshost_ep/results_npu_ep16_crosshost_host2/serial_ep16_broadcast_reduce_overlap_b64_s512_t20/h1_rank0.log,/workspace/afd_demo_repo_crosshost_ep/results_npu_ep16_crosshost_host2/serial_ep16_broadcast_reduce_overlap_b64_s512_t20/h2_rank1.log,/workspace/afd_demo_repo_crosshost_ep/results_npu_ep16_crosshost_host2/serial_ep16_broadcast_reduce_overlap_b64_s512_t20/h2_rank16.log
16,broadcast_reduce_overlap,decode-dbo,2,64,512,20,OK,,527.029,,/home/zhangyz/afd_demo/results_npu_ep16_crosshost_host2/decode-dbo_ep16_broadcast_reduce_overlap_b64_s512_t20/report_xhost_static_decode-dbo_ep16_broadcast_reduce_overlap_b64_s512_t20.md,/home/zhangyz/afd_demo/results_npu_ep16_crosshost_host2/decode-dbo_ep16_broadcast_reduce_overlap_b64_s512_t20/pipeline_xhost_static_decode-dbo_ep16_broadcast_reduce_overlap_b64_s512_t20.png,/home/zhangyz/afd_demo/results_npu_ep16_crosshost_host2/decode-dbo_ep16_broadcast_reduce_overlap_b64_s512_t20/npu_smi_host1.log,/home/zhangyz/afd_demo/results_npu_ep16_crosshost_host2/decode-dbo_ep16_broadcast_reduce_overlap_b64_s512_t20/npu_smi_host2.log,/workspace/afd_demo_crosshost_ep/results_npu_ep16_crosshost_host2/decode-dbo_ep16_broadcast_reduce_overlap_b64_s512_t20/h1_rank0.log,/workspace/afd_demo_repo_crosshost_ep/results_npu_ep16_crosshost_host2/decode-dbo_ep16_broadcast_reduce_overlap_b64_s512_t20/h2_rank1.log,/workspace/afd_demo_repo_crosshost_ep/results_npu_ep16_crosshost_host2/decode-dbo_ep16_broadcast_reduce_overlap_b64_s512_t20/h2_rank16.log
16,broadcast_reduce_overlap,serial,2,2,1024,20,OK,,183.340,,/home/zhangyz/afd_demo/results_npu_ep16_crosshost_host2/serial_ep16_broadcast_reduce_overlap_b2_s1024_t20/report_xhost_static_serial_ep16_broadcast_reduce_overlap_b2_s1024_t20.md,,/home/zhangyz/afd_demo/results_npu_ep16_crosshost_host2/serial_ep16_broadcast_reduce_overlap_b2_s1024_t20/npu_smi_host1.log,/home/zhangyz/afd_demo/results_npu_ep16_crosshost_host2/serial_ep16_broadcast_reduce_overlap_b2_s1024_t20/npu_smi_host2.log,/workspace/afd_demo_crosshost_ep/results_npu_ep16_crosshost_host2/serial_ep16_broadcast_reduce_overlap_b2_s1024_t20/h1_rank0.log,/workspace/afd_demo_repo_crosshost_ep/results_npu_ep16_crosshost_host2/serial_ep16_broadcast_reduce_overlap_b2_s1024_t20/h2_rank1.log,/workspace/afd_demo_repo_crosshost_ep/results_npu_ep16_crosshost_host2/serial_ep16_broadcast_reduce_overlap_b2_s1024_t20/h2_rank16.log
16,broadcast_reduce_overlap,decode-dbo,2,2,1024,20,OK,,224.930,,/home/zhangyz/afd_demo/results_npu_ep16_crosshost_host2/decode-dbo_ep16_broadcast_reduce_overlap_b2_s1024_t20/report_xhost_static_decode-dbo_ep16_broadcast_reduce_overlap_b2_s1024_t20.md,/home/zhangyz/afd_demo/results_npu_ep16_crosshost_host2/decode-dbo_ep16_broadcast_reduce_overlap_b2_s1024_t20/pipeline_xhost_static_decode-dbo_ep16_broadcast_reduce_overlap_b2_s1024_t20.png,/home/zhangyz/afd_demo/results_npu_ep16_crosshost_host2/decode-dbo_ep16_broadcast_reduce_overlap_b2_s1024_t20/npu_smi_host1.log,/home/zhangyz/afd_demo/results_npu_ep16_crosshost_host2/decode-dbo_ep16_broadcast_reduce_overlap_b2_s1024_t20/npu_smi_host2.log,/workspace/afd_demo_crosshost_ep/results_npu_ep16_crosshost_host2/decode-dbo_ep16_broadcast_reduce_overlap_b2_s1024_t20/h1_rank0.log,/workspace/afd_demo_repo_crosshost_ep/results_npu_ep16_crosshost_host2/decode-dbo_ep16_broadcast_reduce_overlap_b2_s1024_t20/h2_rank1.log,/workspace/afd_demo_repo_crosshost_ep/results_npu_ep16_crosshost_host2/decode-dbo_ep16_broadcast_reduce_overlap_b2_s1024_t20/h2_rank16.log
16,broadcast_reduce_overlap,serial,2,4,1024,20,OK,,197.034,,/home/zhangyz/afd_demo/results_npu_ep16_crosshost_host2/serial_ep16_broadcast_reduce_overlap_b4_s1024_t20/report_xhost_static_serial_ep16_broadcast_reduce_overlap_b4_s1024_t20.md,,/home/zhangyz/afd_demo/results_npu_ep16_crosshost_host2/serial_ep16_broadcast_reduce_overlap_b4_s1024_t20/npu_smi_host1.log,/home/zhangyz/afd_demo/results_npu_ep16_crosshost_host2/serial_ep16_broadcast_reduce_overlap_b4_s1024_t20/npu_smi_host2.log,/workspace/afd_demo_crosshost_ep/results_npu_ep16_crosshost_host2/serial_ep16_broadcast_reduce_overlap_b4_s1024_t20/h1_rank0.log,/workspace/afd_demo_repo_crosshost_ep/results_npu_ep16_crosshost_host2/serial_ep16_broadcast_reduce_overlap_b4_s1024_t20/h2_rank1.log,/workspace/afd_demo_repo_crosshost_ep/results_npu_ep16_crosshost_host2/serial_ep16_broadcast_reduce_overlap_b4_s1024_t20/h2_rank16.log
16,broadcast_reduce_overlap,decode-dbo,2,4,1024,20,OK,,246.625,,/home/zhangyz/afd_demo/results_npu_ep16_crosshost_host2/decode-dbo_ep16_broadcast_reduce_overlap_b4_s1024_t20/report_xhost_static_decode-dbo_ep16_broadcast_reduce_overlap_b4_s1024_t20.md,/home/zhangyz/afd_demo/results_npu_ep16_crosshost_host2/decode-dbo_ep16_broadcast_reduce_overlap_b4_s1024_t20/pipeline_xhost_static_decode-dbo_ep16_broadcast_reduce_overlap_b4_s1024_t20.png,/home/zhangyz/afd_demo/results_npu_ep16_crosshost_host2/decode-dbo_ep16_broadcast_reduce_overlap_b4_s1024_t20/npu_smi_host1.log,/home/zhangyz/afd_demo/results_npu_ep16_crosshost_host2/decode-dbo_ep16_broadcast_reduce_overlap_b4_s1024_t20/npu_smi_host2.log,/workspace/afd_demo_crosshost_ep/results_npu_ep16_crosshost_host2/decode-dbo_ep16_broadcast_reduce_overlap_b4_s1024_t20/h1_rank0.log,/workspace/afd_demo_repo_crosshost_ep/results_npu_ep16_crosshost_host2/decode-dbo_ep16_broadcast_reduce_overlap_b4_s1024_t20/h2_rank1.log,/workspace/afd_demo_repo_crosshost_ep/results_npu_ep16_crosshost_host2/decode-dbo_ep16_broadcast_reduce_overlap_b4_s1024_t20/h2_rank16.log
16,broadcast_reduce_overlap,serial,2,8,1024,20,OK,,224.407,,/home/zhangyz/afd_demo/results_npu_ep16_crosshost_host2/serial_ep16_broadcast_reduce_overlap_b8_s1024_t20/report_xhost_static_serial_ep16_broadcast_reduce_overlap_b8_s1024_t20.md,,/home/zhangyz/afd_demo/results_npu_ep16_crosshost_host2/serial_ep16_broadcast_reduce_overlap_b8_s1024_t20/npu_smi_host1.log,/home/zhangyz/afd_demo/results_npu_ep16_crosshost_host2/serial_ep16_broadcast_reduce_overlap_b8_s1024_t20/npu_smi_host2.log,/workspace/afd_demo_crosshost_ep/results_npu_ep16_crosshost_host2/serial_ep16_broadcast_reduce_overlap_b8_s1024_t20/h1_rank0.log,/workspace/afd_demo_repo_crosshost_ep/results_npu_ep16_crosshost_host2/serial_ep16_broadcast_reduce_overlap_b8_s1024_t20/h2_rank1.log,/workspace/afd_demo_repo_crosshost_ep/results_npu_ep16_crosshost_host2/serial_ep16_broadcast_reduce_overlap_b8_s1024_t20/h2_rank16.log
16,broadcast_reduce_overlap,decode-dbo,2,8,1024,20,OK,,286.660,,/home/zhangyz/afd_demo/results_npu_ep16_crosshost_host2/decode-dbo_ep16_broadcast_reduce_overlap_b8_s1024_t20/report_xhost_static_decode-dbo_ep16_broadcast_reduce_overlap_b8_s1024_t20.md,/home/zhangyz/afd_demo/results_npu_ep16_crosshost_host2/decode-dbo_ep16_broadcast_reduce_overlap_b8_s1024_t20/pipeline_xhost_static_decode-dbo_ep16_broadcast_reduce_overlap_b8_s1024_t20.png,/home/zhangyz/afd_demo/results_npu_ep16_crosshost_host2/decode-dbo_ep16_broadcast_reduce_overlap_b8_s1024_t20/npu_smi_host1.log,/home/zhangyz/afd_demo/results_npu_ep16_crosshost_host2/decode-dbo_ep16_broadcast_reduce_overlap_b8_s1024_t20/npu_smi_host2.log,/workspace/afd_demo_crosshost_ep/results_npu_ep16_crosshost_host2/decode-dbo_ep16_broadcast_reduce_overlap_b8_s1024_t20/h1_rank0.log,/workspace/afd_demo_repo_crosshost_ep/results_npu_ep16_crosshost_host2/decode-dbo_ep16_broadcast_reduce_overlap_b8_s1024_t20/h2_rank1.log,/workspace/afd_demo_repo_crosshost_ep/results_npu_ep16_crosshost_host2/decode-dbo_ep16_broadcast_reduce_overlap_b8_s1024_t20/h2_rank16.log
16,broadcast_reduce_overlap,serial,2,16,1024,20,OK,,251.965,,/home/zhangyz/afd_demo/results_npu_ep16_crosshost_host2/serial_ep16_broadcast_reduce_overlap_b16_s1024_t20/report_xhost_static_serial_ep16_broadcast_reduce_overlap_b16_s1024_t20.md,,/home/zhangyz/afd_demo/results_npu_ep16_crosshost_host2/serial_ep16_broadcast_reduce_overlap_b16_s1024_t20/npu_smi_host1.log,/home/zhangyz/afd_demo/results_npu_ep16_crosshost_host2/serial_ep16_broadcast_reduce_overlap_b16_s1024_t20/npu_smi_host2.log,/workspace/afd_demo_crosshost_ep/results_npu_ep16_crosshost_host2/serial_ep16_broadcast_reduce_overlap_b16_s1024_t20/h1_rank0.log,/workspace/afd_demo_repo_crosshost_ep/results_npu_ep16_crosshost_host2/serial_ep16_broadcast_reduce_overlap_b16_s1024_t20/h2_rank1.log,/workspace/afd_demo_repo_crosshost_ep/results_npu_ep16_crosshost_host2/serial_ep16_broadcast_reduce_overlap_b16_s1024_t20/h2_rank16.log
16,broadcast_reduce_overlap,decode-dbo,2,16,1024,20,OK,,328.672,,/home/zhangyz/afd_demo/results_npu_ep16_crosshost_host2/decode-dbo_ep16_broadcast_reduce_overlap_b16_s1024_t20/report_xhost_static_decode-dbo_ep16_broadcast_reduce_overlap_b16_s1024_t20.md,/home/zhangyz/afd_demo/results_npu_ep16_crosshost_host2/decode-dbo_ep16_broadcast_reduce_overlap_b16_s1024_t20/pipeline_xhost_static_decode-dbo_ep16_broadcast_reduce_overlap_b16_s1024_t20.png,/home/zhangyz/afd_demo/results_npu_ep16_crosshost_host2/decode-dbo_ep16_broadcast_reduce_overlap_b16_s1024_t20/npu_smi_host1.log,/home/zhangyz/afd_demo/results_npu_ep16_crosshost_host2/decode-dbo_ep16_broadcast_reduce_overlap_b16_s1024_t20/npu_smi_host2.log,/workspace/afd_demo_crosshost_ep/results_npu_ep16_crosshost_host2/decode-dbo_ep16_broadcast_reduce_overlap_b16_s1024_t20/h1_rank0.log,/workspace/afd_demo_repo_crosshost_ep/results_npu_ep16_crosshost_host2/decode-dbo_ep16_broadcast_reduce_overlap_b16_s1024_t20/h2_rank1.log,/workspace/afd_demo_repo_crosshost_ep/results_npu_ep16_crosshost_host2/decode-dbo_ep16_broadcast_reduce_overlap_b16_s1024_t20/h2_rank16.log
16,broadcast_reduce_overlap,serial,2,32,1024,20,FAIL,"h1=sten on any local network address. port: 35645, useIpv6: 0, code: -98, name: EADDRINUSE, message: address already in use h2=",,,,,/home/zhangyz/afd_demo/results_npu_ep16_crosshost_host2/serial_ep16_broadcast_reduce_overlap_b32_s1024_t20/npu_smi_host1.log,/home/zhangyz/afd_demo/results_npu_ep16_crosshost_host2/serial_ep16_broadcast_reduce_overlap_b32_s1024_t20/npu_smi_host2.log,/workspace/afd_demo_crosshost_ep/results_npu_ep16_crosshost_host2/serial_ep16_broadcast_reduce_overlap_b32_s1024_t20/h1_rank0.log,/workspace/afd_demo_repo_crosshost_ep/results_npu_ep16_crosshost_host2/serial_ep16_broadcast_reduce_overlap_b32_s1024_t20/h2_rank1.log,/workspace/afd_demo_repo_crosshost_ep/results_npu_ep16_crosshost_host2/serial_ep16_broadcast_reduce_overlap_b32_s1024_t20/h2_rank16.log
16,broadcast_reduce_overlap,decode-dbo,2,32,1024,20,SKIP_STALE_PROCESS,h1=False h2=True,,,,,,,/workspace/afd_demo_crosshost_ep/results_npu_ep16_crosshost_host2/decode-dbo_ep16_broadcast_reduce_overlap_b32_s1024_t20/h1_rank0.log,/workspace/afd_demo_repo_crosshost_ep/results_npu_ep16_crosshost_host2/decode-dbo_ep16_broadcast_reduce_overlap_b32_s1024_t20/h2_rank1.log,/workspace/afd_demo_repo_crosshost_ep/results_npu_ep16_crosshost_host2/decode-dbo_ep16_broadcast_reduce_overlap_b32_s1024_t20/h2_rank16.log
