phase,case,batch,seq_or_cache,latency_median_ms,latency_mean_ms,speedup_vs_hf,ok_count,source,ms_per_b_cache,ms_per_b,ms_per_b_s,ms_per_b_s2
decode_core,hf_sdpa,1,128,0.04868865168342988,0.04868239112612274,1.0,48,results_npu/attention_scope_aligned/single_layer_aligned_all48.json,0.00038038009127679595,0.04868865168342988,,
decode_core,hf_sdpa,1,512,0.04825197781125705,0.0488398945890367,1.0,48,results_npu/attention_scope_aligned/single_layer_aligned_all48.json,9.424214416261142e-05,0.04825197781125705,,
decode_core,hf_sdpa,1,1024,0.05209364462643862,0.05206220117138906,1.0,48,results_npu/attention_scope_aligned/single_layer_aligned_all48.json,5.087269983050646e-05,0.05209364462643862,,
decode_core,hf_sdpa,8,128,0.07070697999248902,0.07080645203435172,1.0,48,results_npu/attention_scope_aligned/single_layer_aligned_all48.json,6.904978514891506e-05,0.008838372499061128,,
decode_core,hf_sdpa,8,512,0.08789737087984881,0.08775842272573048,1.0,48,results_npu/attention_scope_aligned/single_layer_aligned_all48.json,2.1459319062463088e-05,0.010987171359981101,,
decode_core,hf_sdpa,8,1024,0.11354063947995505,0.11360799544490874,1.0,48,results_npu/attention_scope_aligned/single_layer_aligned_all48.json,1.385994134276795e-05,0.01419257993499438,,
decode_core,hf_sdpa,32,128,0.13686735959102708,0.13658252363610598,1.0,48,results_npu/attention_scope_aligned/single_layer_aligned_all48.json,3.3414882712653096e-05,0.004277104987219596,,
decode_core,hf_sdpa,32,512,0.21665469588090974,0.21655472745704982,1.0,48,results_npu/attention_scope_aligned/single_layer_aligned_all48.json,1.3223553215387558e-05,0.0067704592462784294,,
decode_core,hf_sdpa,32,1024,0.4311826778575778,0.4314634974838959,1.0,48,results_npu/attention_scope_aligned/single_layer_aligned_all48.json,1.3158651057665338e-05,0.013474458683049306,,
decode_core,official_ifa,1,128,0.04598199545095365,0.04623023980659329,1.0588633922023516,48,results_npu/attention_scope_aligned/single_layer_aligned_all48.json,0.00035923433946057537,0.04598199545095365,,
decode_core,official_ifa,1,512,0.045137014240026474,0.04638335505862617,1.069011289817843,48,results_npu/attention_scope_aligned/single_layer_aligned_all48.json,8.815823093755171e-05,0.045137014240026474,,
decode_core,official_ifa,1,1024,0.04681533512969811,0.04705009147680054,1.1127474465817104,48,results_npu/attention_scope_aligned/single_layer_aligned_all48.json,4.5718100712595813e-05,0.04681533512969811,,
decode_core,official_ifa,8,128,0.04612033565839131,0.047550294160222016,1.5330976885382732,48,results_npu/attention_scope_aligned/single_layer_aligned_all48.json,4.5039390291397766e-05,0.005765041957298914,,
decode_core,official_ifa,8,512,0.0468818082784613,0.04846837449197968,1.8748715996142815,48,results_npu/attention_scope_aligned/single_layer_aligned_all48.json,1.1445753974233716e-05,0.0058602260348076625,,
decode_core,official_ifa,8,1024,0.050062003235022225,0.05114567466080189,2.268000322458623,48,results_npu/attention_scope_aligned/single_layer_aligned_all48.json,6.111084379275174e-06,0.006257750404377778,,
decode_core,official_ifa,32,128,0.05841371603310108,0.058552405486504235,2.3430688695351787,48,results_npu/attention_scope_aligned/single_layer_aligned_all48.json,1.4261161140893819e-05,0.0018254286260344088,,
decode_core,official_ifa,32,512,0.06542867049574852,0.06573092185943905,3.311311298843948,48,results_npu/attention_scope_aligned/single_layer_aligned_all48.json,3.993449126937776e-06,0.0020446459529921412,,
decode_core,official_ifa,32,1024,0.07818883750587702,0.07816381629608157,5.5146321599316295,48,results_npu/attention_scope_aligned/single_layer_aligned_all48.json,2.386133957088532e-06,0.002443401172058657,,
decode_full_layer,hf,1,128,0.7370513242979845,0.7433008868247271,1.0,48,results_npu/attention_scope_aligned/single_layer_aligned_all48.json,0.005758213471078004,0.7370513242979845,,
decode_full_layer,hf,1,512,0.7160529882336657,0.7346387412528403,1.0,48,results_npu/attention_scope_aligned/single_layer_aligned_all48.json,0.0013985409926438783,0.7160529882336657,,
decode_full_layer,hf,1,1024,0.7225978188216686,0.7368530722386721,1.0,48,results_npu/attention_scope_aligned/single_layer_aligned_all48.json,0.0007056619324430358,0.7225978188216686,,
decode_full_layer,hf,8,128,0.7280630137150486,0.7409358222503215,1.0,48,results_npu/attention_scope_aligned/single_layer_aligned_all48.json,0.0007109990368311021,0.09100787671438107,,
decode_full_layer,hf,8,512,0.7269778676951926,0.741342491690173,1.0,48,results_npu/attention_scope_aligned/single_layer_aligned_all48.json,0.00017748483098027162,0.09087223346189907,,
decode_full_layer,hf,8,1024,0.7517164728293817,0.772250067610811,1.0,48,results_npu/attention_scope_aligned/single_layer_aligned_all48.json,9.176226474968038e-05,0.09396455910367271,,
decode_full_layer,hf,32,128,0.7410681573674083,0.758085860676753,1.0,48,results_npu/attention_scope_aligned/single_layer_aligned_all48.json,0.0001809248431072774,0.02315837991773151,,
decode_full_layer,hf,32,512,0.7720233406871557,0.7882216402019063,1.0,48,results_npu/attention_scope_aligned/single_layer_aligned_all48.json,4.712056522748753e-05,0.024125729396473616,,
decode_full_layer,hf,32,1024,1.0514868190512061,1.0583863283197086,1.0,48,results_npu/attention_scope_aligned/single_layer_aligned_all48.json,3.208883114780292e-05,0.03285896309535019,,
decode_full_layer,official,1,128,0.7793683713922899,0.7777467382968299,0.9457034072107535,48,results_npu/attention_scope_aligned/single_layer_aligned_all48.json,0.006088815401502265,0.7793683713922899,,
decode_full_layer,official,1,512,0.7519264860699575,0.7698300242837932,0.9522912166270544,48,results_npu/attention_scope_aligned/single_layer_aligned_all48.json,0.0014686064181053857,0.7519264860699575,,
decode_full_layer,official,1,1024,0.7693514926359057,0.7771621474401198,0.939229761348675,48,results_npu/attention_scope_aligned/single_layer_aligned_all48.json,0.0007513198170272517,0.7693514926359057,,
decode_full_layer,official,8,128,0.7595929782837629,0.7728925136487104,0.9584909741530869,48,results_npu/attention_scope_aligned/single_layer_aligned_all48.json,0.0007417900178552372,0.09494912228547037,,
decode_full_layer,official,8,512,0.7652248023077846,0.775573704029537,0.9500186945101022,48,results_npu/attention_scope_aligned/single_layer_aligned_all48.json,0.00018682246150092396,0.09565310028847307,,
decode_full_layer,official,8,1024,0.746419847322007,0.7647288504004892,1.007096040554626,48,results_npu/attention_scope_aligned/single_layer_aligned_all48.json,9.111570401879968e-05,0.09330248091525087,,
decode_full_layer,official,32,128,0.7475179542476933,0.7681500477095445,0.9913717164335188,48,results_npu/attention_scope_aligned/single_layer_aligned_all48.json,0.00018249950054875325,0.023359936070240415,,
decode_full_layer,official,32,512,0.7523198146373034,0.7729282580031496,1.0261903590288282,48,results_npu/attention_scope_aligned/single_layer_aligned_all48.json,4.591795743635885e-05,0.02350999420741573,,
decode_full_layer,official,32,1024,0.7584131478021543,0.7739522002844347,1.3864301035634279,48,results_npu/attention_scope_aligned/single_layer_aligned_all48.json,2.3144932489079416e-05,0.023700410868817322,,
decode_full_layer,official_fused_both,1,128,0.6459141538167994,0.65849221815976,1.1410979616140047,48,results_npu/attention_scope_aligned/single_layer_aligned_all48.json,0.005046204326693745,0.6459141538167994,,
decode_full_layer,official_fused_both,1,512,0.6437723447258273,0.6532165102220865,1.112276714121079,48,results_npu/attention_scope_aligned/single_layer_aligned_all48.json,0.0012573678607926315,0.6437723447258273,,
decode_full_layer,official_fused_both,1,1024,0.6592206579322617,0.6650627781507663,1.0961395249478352,48,results_npu/attention_scope_aligned/single_layer_aligned_all48.json,0.0006437701737619743,0.6592206579322617,,
decode_full_layer,official_fused_both,8,128,0.6461360026150942,0.6565645502026504,1.126795304345173,48,results_npu/attention_scope_aligned/single_layer_aligned_all48.json,0.0006309921900538029,0.08076700032688677,,
decode_full_layer,official_fused_both,8,512,0.6437423483779033,0.6535300021318512,1.1292994309400732,48,results_npu/attention_scope_aligned/single_layer_aligned_all48.json,0.00015716365927194906,0.08046779354723792,,
decode_full_layer,official_fused_both,8,1024,0.6318757077679038,0.651054315514759,1.1896587629311064,48,results_npu/attention_scope_aligned/single_layer_aligned_all48.json,7.71332651083867e-05,0.07898446347098798,,
decode_full_layer,official_fused_both,32,128,0.6448223333184918,0.6616737680613167,1.1492594457043699,48,results_npu/attention_scope_aligned/single_layer_aligned_all48.json,0.00015742732747033492,0.02015069791620287,,
decode_full_layer,official_fused_both,32,512,0.6421606910104553,0.6583311543282535,1.2022276534434995,48,results_npu/attention_scope_aligned/single_layer_aligned_all48.json,3.919437811343111e-05,0.020067521594076727,,
decode_full_layer,official_fused_both,32,1024,0.6487910092497866,0.6602641256500242,1.62068648310504,48,results_npu/attention_scope_aligned/single_layer_aligned_all48.json,1.979953031157796e-05,0.02027471903905583,,
prefill_core,hf_sdpa,1,128,0.0791306762645642,0.07917310964937012,1.0,48,results_npu/attention_scope_aligned/single_layer_aligned_all48.json,,,0.0006182084083169078,4.829753189975842e-06
prefill_core,hf_sdpa,1,512,0.11584236441800991,0.11574115423071715,1.0,48,results_npu/attention_scope_aligned/single_layer_aligned_all48.json,,,0.0002262546180039256,4.419035507889172e-07
prefill_core,hf_sdpa,1,1024,0.16582450674225885,0.16561490257218894,1.0,48,results_npu/attention_scope_aligned/single_layer_aligned_all48.json,,,0.00016193799486548716,1.581425731108273e-07
prefill_core,hf_sdpa,8,128,0.11940401357909043,0.1195921116353323,1.0,48,results_npu/attention_scope_aligned/single_layer_aligned_all48.json,,,0.0001166054820108305,9.109803282096133e-07
prefill_core,hf_sdpa,8,512,0.28853832433621085,0.28825962282199824,1.0,48,results_npu/attention_scope_aligned/single_layer_aligned_all48.json,,,7.044392683989523e-05,1.3758579460917037e-07
prefill_core,hf_sdpa,8,1024,0.6970060057938099,0.6970807622160969,1.0,48,results_npu/attention_scope_aligned/single_layer_aligned_all48.json,,,8.508374094162718e-05,8.30895907633078e-08
prefill_core,hf_sdpa,32,128,0.2107463466624419,0.2106532758464002,1.0,48,results_npu/attention_scope_aligned/single_layer_aligned_all48.json,,,5.145174479063523e-05,4.0196675617683775e-07
prefill_core,hf_sdpa,32,512,0.8775690415253242,0.8779186561393241,1.0,48,results_npu/attention_scope_aligned/single_layer_aligned_all48.json,,,5.35625635696609e-05,1.0461438197199395e-07
prefill_core,hf_sdpa,32,1024,2.442253675932686,2.4426206396633967,1.0,48,results_npu/attention_scope_aligned/single_layer_aligned_all48.json,,,7.453166735634417e-05,7.278483140267986e-08
prefill_core,official_pfa,1,128,0.18015620298683643,0.1811901262650887,0.43923370360079184,48,results_npu/attention_scope_aligned/single_layer_aligned_all48.json,,,0.0014074703358346596,1.0995861998708278e-05
prefill_core,official_pfa,1,512,0.191432850745817,0.19086008412866956,0.6051331522603948,48,results_npu/attention_scope_aligned/single_layer_aligned_all48.json,,,0.00037389228661292384,7.302583722908669e-07
prefill_core,official_pfa,1,1024,0.21861299561957517,0.2199814140719051,0.758529959631597,48,results_npu/attention_scope_aligned/single_layer_aligned_all48.json,,,0.00021348925353474138,2.0848559915502088e-07
prefill_core,official_pfa,8,128,0.19948134043564397,0.1988554269903236,0.5985723442519787,48,results_npu/attention_scope_aligned/single_layer_aligned_all48.json,,,0.00019480599651918357,1.5219218478061216e-06
prefill_core,official_pfa,8,512,0.370867356347541,0.3715190897411149,0.7780094942241847,48,results_npu/attention_scope_aligned/single_layer_aligned_all48.json,,,9.054378817078637e-05,1.7684333627106713e-07
prefill_core,official_pfa,8,1024,0.9516910261784991,0.9509794003356041,0.7323868636154183,48,results_npu/attention_scope_aligned/single_layer_aligned_all48.json,,,0.00011617322096905507,1.1345041110259284e-07
prefill_core,official_pfa,32,128,0.3380804943541686,0.3394946478591818,0.6233614484770211,48,results_npu/attention_scope_aligned/single_layer_aligned_all48.json,,,8.253918319193569e-05,6.448373686869976e-07
prefill_core,official_pfa,32,512,1.1598741402849555,1.1604729273434107,0.7566071274851639,48,results_npu/attention_scope_aligned/single_layer_aligned_all48.json,,,7.079309938262668e-05,1.3826777223169273e-07
prefill_core,official_pfa,32,1024,3.4609936410561204,3.4621910179137356,0.7056510150615108,48,results_npu/attention_scope_aligned/single_layer_aligned_all48.json,,,0.00010562114383105836,1.0314564827251793e-07
prefill_full_layer,hf,1,128,0.756338161105911,0.7544068567868736,1.0,48,results_npu/attention_scope_aligned/single_layer_aligned_all48.json,,,0.00590889188363993,4.616321784093695e-05
prefill_full_layer,hf,1,512,0.7647483143955469,0.770652548655764,1.0,48,results_npu/attention_scope_aligned/single_layer_aligned_all48.json,,,0.0014936490515538026,2.9172833038160206e-06
prefill_full_layer,hf,1,1024,0.8942890369022887,0.8935645309975371,1.0,48,results_npu/attention_scope_aligned/single_layer_aligned_all48.json,,,0.0008733291375998913,8.528604859373938e-07
prefill_full_layer,hf,8,128,0.7998583605512977,0.8068973709466971,1.0,48,results_npu/attention_scope_aligned/single_layer_aligned_all48.json,,,0.0007811116802258766,6.102435001764661e-06
prefill_full_layer,hf,8,512,1.7826730230202277,1.7834563655520064,1.0,48,results_npu/attention_scope_aligned/single_layer_aligned_all48.json,,,0.00043522290601079777,8.500447383023394e-07
prefill_full_layer,hf,8,1024,3.5226375330239534,3.529576220898889,1.0,48,results_npu/attention_scope_aligned/single_layer_aligned_all48.json,,,0.00043000946448046307,4.199311176567022e-07
prefill_full_layer,hf,32,128,1.6716473425428071,1.6715381756916434,1.0,48,results_npu/attention_scope_aligned/single_layer_aligned_all48.json,,,0.00040811702698799,3.188414273343672e-06
prefill_full_layer,hf,32,512,7.597254977251092,7.599215789620454,1.0,48,results_npu/attention_scope_aligned/single_layer_aligned_all48.json,,,0.0004636996446076106,9.056633683742394e-07
prefill_full_layer,hf,32,1024,17.755498372328777,17.751763021806255,1.0,48,results_npu/attention_scope_aligned/single_layer_aligned_all48.json,,,0.0005418548087258538,5.291550866463416e-07
prefill_full_layer,official,1,128,1.0198398182789485,1.0126000593623354,0.74162446646012,48,results_npu/attention_scope_aligned/single_layer_aligned_all48.json,,,0.007967498580304285,6.224608265862723e-05
prefill_full_layer,official,1,512,1.0192317034428318,1.0248524162711368,0.7503184131854679,48,results_npu/attention_scope_aligned/single_layer_aligned_all48.json,,,0.0019906869207867808,3.888060392161681e-06
prefill_full_layer,official,1,1024,1.056906650774181,1.0602485466127594,0.8461381487638712,48,results_npu/attention_scope_aligned/single_layer_aligned_all48.json,,,0.001032135401146661,1.0079447276822862e-06
prefill_full_layer,official,8,128,1.0276315345739326,1.033108191525874,0.7783513191651206,48,results_npu/attention_scope_aligned/single_layer_aligned_all48.json,,,0.001003546420482356,7.840206410018407e-06
prefill_full_layer,official,8,512,1.7694228639205298,1.769196073938575,1.0074884073049328,48,results_npu/attention_scope_aligned/single_layer_aligned_all48.json,,,0.0004319880038868481,8.437265700915002e-07
prefill_full_layer,official,8,1024,3.6624716594815254,3.6673568489883714,0.9618197382918814,48,results_npu/attention_scope_aligned/single_layer_aligned_all48.json,,,0.0004470790599953034,4.3660064452666347e-07
prefill_full_layer,official,32,128,1.7688611599927146,1.76966378704593,0.9450415783620304,48,results_npu/attention_scope_aligned/single_layer_aligned_all48.json,,,0.00043185086913884635,3.373834915147237e-06
prefill_full_layer,official,32,512,8.081754669547081,8.081656222606801,0.940050185620997,48,results_npu/attention_scope_aligned/single_layer_aligned_all48.json,,,0.0004932711590299732,9.634202324804164e-07
prefill_full_layer,official,32,1024,18.929817364551127,18.925939586349866,0.9379645894301424,48,results_npu/attention_scope_aligned/single_layer_aligned_all48.json,,,0.0005776921803146706,5.641525198385455e-07
prefill_full_layer,official_fused_both,1,128,0.8960258370886247,0.8970871098831089,0.8441030713616605,48,results_npu/attention_scope_aligned/single_layer_aligned_all48.json,,,0.0070002018522548805,5.4689076970741254e-05
prefill_full_layer,official_fused_both,1,512,0.9334043522054951,0.9184727467881102,0.8193108512817203,48,results_npu/attention_scope_aligned/single_layer_aligned_all48.json,,,0.0018230553754013576,3.5606550300807766e-06
prefill_full_layer,official_fused_both,1,1024,0.9457760024815798,0.9440029033511463,0.9455611419150024,48,results_npu/attention_scope_aligned/single_layer_aligned_all48.json,,,0.0009236093774234178,9.019622826400564e-07
prefill_full_layer,official_fused_both,8,128,0.9095960219080249,0.9173608074585596,0.8793556054406056,48,results_npu/attention_scope_aligned/single_layer_aligned_all48.json,,,0.0008882773651445556,6.9396669151918404e-06
prefill_full_layer,official_fused_both,8,512,1.5090946884204945,1.5096383867785335,1.1812863942196206,48,results_npu/attention_scope_aligned/single_layer_aligned_all48.json,,,0.0003684313204151598,7.19592422685859e-07
prefill_full_layer,official_fused_both,8,1024,3.0243426638965807,3.0338110227603465,1.164761379415045,48,results_npu/attention_scope_aligned/single_layer_aligned_all48.json,,,0.00036918245408893807,3.605297403212286e-07
prefill_full_layer,official_fused_both,32,128,1.6918008526166282,1.6897605285824586,0.9880875399473581,48,results_npu/attention_scope_aligned/single_layer_aligned_all48.json,,,0.0004130373175333565,3.2268540432293475e-06
prefill_full_layer,official_fused_both,32,512,6.566470372490585,6.5678418242088,1.1569769672728367,48,results_npu/attention_scope_aligned/single_layer_aligned_all48.json,,,0.00040078554519595855,7.827842679608565e-07
prefill_full_layer,official_fused_both,32,1024,14.73265397362411,14.731730251999883,1.2051798952256987,48,results_npu/attention_scope_aligned/single_layer_aligned_all48.json,,,0.0004496049186286655,4.390673033483061e-07
