batch,seq,tokens,rep,file,ffn_file,decode_tpot_ms,prefill_ms,decode_loop_ms,tbt_mean_ms,tbt_p50_ms,tbt_p99_ms
1,1024,10,1,results_npu/attention_scope_aligned/decode_dbo/timing_attention_aligned_decode-dbo_b1_s1024_t10_r1.json,results_npu/attention_scope_aligned/decode_dbo/timing_ffn_aligned_decode-dbo_b1_s1024_t10_r1.json,149.7668941091332,1701.9532870035619,1347.902046982199,148.26876879669726,142.0049259904772,197.6201380416751
1,1024,10,2,results_npu/attention_scope_aligned/decode_dbo/timing_attention_aligned_decode-dbo_b1_s1024_t10_r2.json,results_npu/attention_scope_aligned/decode_dbo/timing_ffn_aligned_decode-dbo_b1_s1024_t10_r2.json,145.79576533287764,1607.3656328953803,1312.1618879958987,144.43389660057923,136.46554108709097,191.48202752694488
1,1024,10,3,results_npu/attention_scope_aligned/decode_dbo/timing_attention_aligned_decode-dbo_b1_s1024_t10_r3.json,results_npu/attention_scope_aligned/decode_dbo/timing_ffn_aligned_decode-dbo_b1_s1024_t10_r3.json,143.99149276626608,1629.5188448857516,1295.9234348963946,142.34021448323296,134.83717013150454,190.93168696388602
1,128,10,1,results_npu/attention_scope_aligned/decode_dbo/timing_attention_aligned_decode-dbo_b1_s128_t10_r1.json,results_npu/attention_scope_aligned/decode_dbo/timing_ffn_aligned_decode-dbo_b1_s128_t10_r1.json,145.32285566545195,1501.46649684757,1307.9057009890676,143.9448247094535,137.43397686630487,190.69813003763556
1,128,10,2,results_npu/attention_scope_aligned/decode_dbo/timing_attention_aligned_decode-dbo_b1_s128_t10_r2.json,results_npu/attention_scope_aligned/decode_dbo/timing_ffn_aligned_decode-dbo_b1_s128_t10_r2.json,147.85093177730838,1505.81776490435,1330.6583859957755,146.44808614523046,138.93532706424594,190.90636571869254
1,128,10,3,results_npu/attention_scope_aligned/decode_dbo/timing_attention_aligned_decode-dbo_b1_s128_t10_r3.json,results_npu/attention_scope_aligned/decode_dbo/timing_ffn_aligned_decode-dbo_b1_s128_t10_r3.json,151.61310808940067,1568.2553728111088,1364.517972804606,150.15869766163328,145.1637870632112,197.79081093147397
1,512,10,1,results_npu/attention_scope_aligned/decode_dbo/timing_attention_aligned_decode-dbo_b1_s512_t10_r1.json,results_npu/attention_scope_aligned/decode_dbo/timing_ffn_aligned_decode-dbo_b1_s512_t10_r1.json,147.64637722530298,1562.2360848356038,1328.817395027727,146.20277567559646,140.42376610450447,192.12668207474053
1,512,10,2,results_npu/attention_scope_aligned/decode_dbo/timing_attention_aligned_decode-dbo_b1_s512_t10_r2.json,results_npu/attention_scope_aligned/decode_dbo/timing_ffn_aligned_decode-dbo_b1_s512_t10_r2.json,147.0913125667721,1573.0132129974663,1323.821813100949,145.6260942440066,140.62805799767375,189.9741446878761
1,512,10,3,results_npu/attention_scope_aligned/decode_dbo/timing_attention_aligned_decode-dbo_b1_s512_t10_r3.json,results_npu/attention_scope_aligned/decode_dbo/timing_ffn_aligned_decode-dbo_b1_s512_t10_r3.json,147.64224833601878,1566.0232189111412,1328.780235024169,146.38024811736412,141.80999505333602,190.74790799058974
32,1024,10,1,results_npu/attention_scope_aligned/decode_dbo/timing_attention_aligned_decode-dbo_b32_s1024_t10_r1.json,results_npu/attention_scope_aligned/decode_dbo/timing_ffn_aligned_decode-dbo_b32_s1024_t10_r1.json,700.7478785752836,6606.340507976711,6306.730907177553,699.3534132165628,665.0818609632552,843.2079246360809
32,1024,10,2,results_npu/attention_scope_aligned/decode_dbo/timing_attention_aligned_decode-dbo_b32_s1024_t10_r2.json,results_npu/attention_scope_aligned/decode_dbo/timing_ffn_aligned_decode-dbo_b32_s1024_t10_r2.json,711.575826552386,7039.56744982861,6404.182438971475,710.2308756827066,743.2088491041213,850.1040276978165
32,1024,10,3,results_npu/attention_scope_aligned/decode_dbo/timing_attention_aligned_decode-dbo_b32_s1024_t10_r3.json,results_npu/attention_scope_aligned/decode_dbo/timing_ffn_aligned_decode-dbo_b32_s1024_t10_r3.json,698.6323529078314,6411.774727050215,6287.691176170483,697.2205282395912,715.2068009600043,833.1331876851618
32,128,10,1,results_npu/attention_scope_aligned/decode_dbo/timing_attention_aligned_decode-dbo_b32_s128_t10_r1.json,results_npu/attention_scope_aligned/decode_dbo/timing_ffn_aligned_decode-dbo_b32_s128_t10_r1.json,750.707768343596,2085.722660878673,6756.369915092364,749.4180377883216,776.7076031304896,967.1779762860388
32,128,10,2,results_npu/attention_scope_aligned/decode_dbo/timing_attention_aligned_decode-dbo_b32_s128_t10_r2.json,results_npu/attention_scope_aligned/decode_dbo/timing_ffn_aligned_decode-dbo_b32_s128_t10_r2.json,736.4248249990245,2153.973995009437,6627.82342499122,734.8777428528088,748.9050459116697,839.171802829951
32,128,10,3,results_npu/attention_scope_aligned/decode_dbo/timing_attention_aligned_decode-dbo_b32_s128_t10_r3.json,results_npu/attention_scope_aligned/decode_dbo/timing_ffn_aligned_decode-dbo_b32_s128_t10_r3.json,831.3944617596766,2151.8593030050397,7482.550155837089,829.9429670183195,881.0457980725914,978.2005431689322
32,512,10,1,results_npu/attention_scope_aligned/decode_dbo/timing_attention_aligned_decode-dbo_b32_s512_t10_r1.json,results_npu/attention_scope_aligned/decode_dbo/timing_ffn_aligned_decode-dbo_b32_s512_t10_r1.json,755.0410571145928,3480.649405159056,6795.369514031336,753.5899457676957,769.9161299970001,855.5614523496479
32,512,10,2,results_npu/attention_scope_aligned/decode_dbo/timing_attention_aligned_decode-dbo_b32_s512_t10_r2.json,results_npu/attention_scope_aligned/decode_dbo/timing_ffn_aligned_decode-dbo_b32_s512_t10_r2.json,829.0749880899158,3469.9039270635694,7461.674892809242,827.7578909312272,868.3884779457003,991.6159428283572
32,512,10,3,results_npu/attention_scope_aligned/decode_dbo/timing_attention_aligned_decode-dbo_b32_s512_t10_r3.json,results_npu/attention_scope_aligned/decode_dbo/timing_ffn_aligned_decode-dbo_b32_s512_t10_r3.json,708.0339884592427,3497.0212399493903,6372.305896133184,706.6431057949861,734.6528840716928,809.1591285448521
8,1024,10,1,results_npu/attention_scope_aligned/decode_dbo/timing_attention_aligned_decode-dbo_b8_s1024_t10_r1.json,results_npu/attention_scope_aligned/decode_dbo/timing_ffn_aligned_decode-dbo_b8_s1024_t10_r1.json,364.82751312562164,2603.387522045523,3283.4476181305945,363.3702605600572,353.8918071426451,424.5169342774898
8,1024,10,2,results_npu/attention_scope_aligned/decode_dbo/timing_attention_aligned_decode-dbo_b8_s1024_t10_r2.json,results_npu/attention_scope_aligned/decode_dbo/timing_ffn_aligned_decode-dbo_b8_s1024_t10_r2.json,334.2203402426094,2571.1690061725676,3007.9830621834844,332.736788265821,316.625548992306,418.4988144505769
8,1024,10,3,results_npu/attention_scope_aligned/decode_dbo/timing_attention_aligned_decode-dbo_b8_s1024_t10_r3.json,results_npu/attention_scope_aligned/decode_dbo/timing_ffn_aligned_decode-dbo_b8_s1024_t10_r3.json,363.0026360042393,2565.621971152723,3267.023724038154,361.66680873268183,345.91830614954233,457.98980046994984
8,128,10,1,results_npu/attention_scope_aligned/decode_dbo/timing_attention_aligned_decode-dbo_b8_s128_t10_r1.json,results_npu/attention_scope_aligned/decode_dbo/timing_ffn_aligned_decode-dbo_b8_s128_t10_r1.json,367.60659634860025,1721.7362790834159,3308.4593671374023,366.20802853980825,356.25068191438913,435.62141044065356
8,128,10,2,results_npu/attention_scope_aligned/decode_dbo/timing_attention_aligned_decode-dbo_b8_s128_t10_r2.json,results_npu/attention_scope_aligned/decode_dbo/timing_ffn_aligned_decode-dbo_b8_s128_t10_r2.json,316.0305930974169,1666.9903099536896,2844.275337876752,314.5660868483699,296.937583014369,367.65859664417803
8,128,10,3,results_npu/attention_scope_aligned/decode_dbo/timing_attention_aligned_decode-dbo_b8_s128_t10_r3.json,results_npu/attention_scope_aligned/decode_dbo/timing_ffn_aligned_decode-dbo_b8_s128_t10_r3.json,329.98266422914133,1676.4541799202561,2969.843978062272,328.2777735083881,322.4151961039752,352.75045548565686
8,512,10,1,results_npu/attention_scope_aligned/decode_dbo/timing_attention_aligned_decode-dbo_b8_s512_t10_r1.json,results_npu/attention_scope_aligned/decode_dbo/timing_ffn_aligned_decode-dbo_b8_s512_t10_r1.json,322.8043418946779,2130.3347249049693,2905.2390770521015,321.4598008069313,298.181070946157,402.560588279739
8,512,10,2,results_npu/attention_scope_aligned/decode_dbo/timing_attention_aligned_decode-dbo_b8_s512_t10_r2.json,results_npu/attention_scope_aligned/decode_dbo/timing_ffn_aligned_decode-dbo_b8_s512_t10_r2.json,348.2599107859035,2158.2735429983586,3134.339197073132,346.8462862074375,336.7542380001396,390.3163346275687
8,512,10,3,results_npu/attention_scope_aligned/decode_dbo/timing_attention_aligned_decode-dbo_b8_s512_t10_r3.json,results_npu/attention_scope_aligned/decode_dbo/timing_ffn_aligned_decode-dbo_b8_s512_t10_r3.json,325.66468557342887,2122.4552940111607,2930.98217016086,324.2197941678266,309.11158095113933,387.11507024243474
