mode,ep_size,backend,attn_kernel,attn_fused_rmsnorm,attn_fused_rope,num_micro_batches,batch,seq,tokens,decode_tpot_ms,serial_tpot_ms,speedup_vs_ep_serial,prefill_ms,attention_avg_layer_ms_excl_l0,ffn_avg_layer_ms_excl_l0,a2f_send_avg_layer_ms_excl_l0,f2a_send_avg_layer_ms_excl_l0,attention_recv_wait_avg_layer_ms_excl_l0,moe_router_avg_layer_ms_excl_l0,ep_dispatch_avg_layer_ms_excl_l0,ep_local_experts_avg_layer_ms_excl_l0,ep_reduce_avg_layer_ms_excl_l0,attention_sum_ms_excl_l0,ffn_sum_ms_excl_l0,overlap_efficiency_proxy,attn_timing,ffn_timing
decode-dbo,16,broadcast_reduce_overlap,npu-official,True,True,2,256,1024,20,1137.2027183196653,1041.6124509524946,0.9159426320151474,29956.730311037973,1.5367296514438187,1.5602352102584345,0.08129799599818727,0.06361625236558154,1.5181190448198865,0.11989664524159532,1.9155530075720968,1.440338565016839,1.0172368294777387,72.22629361785948,73.33105488214642,0.3380729888905108,/home/zhangyz/afd_demo/crosshost_static_ep16_sweep/decode-dbo_ep16_broadcast_reduce_overlap_b256_s1024_t20/timing_attention_xhost_static_decode-dbo_ep16_broadcast_reduce_overlap_b256_s1024_t20.json,/home/zhangyz/afd_demo/crosshost_static_ep16_sweep/decode-dbo_ep16_broadcast_reduce_overlap_b256_s1024_t20/timing_ffn_coordinator_xhost_static_decode-dbo_ep16_broadcast_reduce_overlap_b256_s1024_t20.json
decode-dbo-crosslayer,16,broadcast_reduce_overlap,npu-official,True,True,2,256,1024,20,1148.943134791855,1041.6124509524946,0.9065831192256484,30239.060573047027,1.5356228067638709,1.8128373120178252,0.08784457694422057,0.08307386467114408,1.856902299666817,0.1420096142534563,2.145147003094725,1.6708276977643688,1.1298157388661454,72.17427191790193,85.20335366483778,0.34826341881458306,/home/zhangyz/afd_demo/crosshost_static_ep16_sweep/decode-dbo-crosslayer_ep16_broadcast_reduce_overlap_b256_s1024_t20/timing_attention_xhost_static_decode-dbo-crosslayer_ep16_broadcast_reduce_overlap_b256_s1024_t20.json,/home/zhangyz/afd_demo/crosshost_static_ep16_sweep/decode-dbo-crosslayer_ep16_broadcast_reduce_overlap_b256_s1024_t20/timing_ffn_coordinator_xhost_static_decode-dbo-crosslayer_ep16_broadcast_reduce_overlap_b256_s1024_t20.json
serial,16,broadcast_reduce_overlap,npu-official,True,True,2,256,1024,20,1041.6124509524946,1041.6124509524946,1.0,30228.562620002776,0.0,0.0,0.0,0.0,0.0,0.0,0.0,0.0,0.0,0.0,0.0,0.0,/home/zhangyz/afd_demo/crosshost_static_ep16_sweep/serial_ep16_broadcast_reduce_overlap_b256_s1024_t20/timing_attention_xhost_static_serial_ep16_broadcast_reduce_overlap_b256_s1024_t20.json,/home/zhangyz/afd_demo/crosshost_static_ep16_sweep/serial_ep16_broadcast_reduce_overlap_b256_s1024_t20/timing_ffn_coordinator_xhost_static_serial_ep16_broadcast_reduce_overlap_b256_s1024_t20.json
decode-dbo,16,broadcast_reduce_overlap,npu-official,True,True,2,256,512,20,1119.4968367314063,1021.9249085302612,0.9128430514497693,17382.786465110257,1.233581547684809,1.8183970229422792,0.07828578669974144,0.06405082333119626,2.013982085392196,0.12429170013266674,1.7963516738939476,1.6941053228096126,1.1361490989579481,57.97833274118602,85.46466007828712,0.35894416605499935,/home/zhangyz/afd_demo/crosshost_static_ep16_sweep/decode-dbo_ep16_broadcast_reduce_overlap_b256_s512_t20/timing_attention_xhost_static_decode-dbo_ep16_broadcast_reduce_overlap_b256_s512_t20.json,/home/zhangyz/afd_demo/crosshost_static_ep16_sweep/decode-dbo_ep16_broadcast_reduce_overlap_b256_s512_t20/timing_ffn_coordinator_xhost_static_decode-dbo_ep16_broadcast_reduce_overlap_b256_s512_t20.json
decode-dbo-crosslayer,16,broadcast_reduce_overlap,npu-official,True,True,2,256,512,20,1119.637128676435,1021.9249085302612,0.9127286710635587,17395.310333929956,1.1913884193339246,2.041394260038245,0.07741428673901457,0.07533193863135704,2.2913748869038324,0.1301826200784838,2.081602063782989,1.9112116399597614,1.2315983235083046,55.99525570869446,95.94553022179753,0.36953947014484045,/home/zhangyz/afd_demo/crosshost_static_ep16_sweep/decode-dbo-crosslayer_ep16_broadcast_reduce_overlap_b256_s512_t20/timing_attention_xhost_static_decode-dbo-crosslayer_ep16_broadcast_reduce_overlap_b256_s512_t20.json,/home/zhangyz/afd_demo/crosshost_static_ep16_sweep/decode-dbo-crosslayer_ep16_broadcast_reduce_overlap_b256_s512_t20/timing_ffn_coordinator_xhost_static_decode-dbo-crosslayer_ep16_broadcast_reduce_overlap_b256_s512_t20.json
serial,16,broadcast_reduce_overlap,npu-official,True,True,2,256,512,20,1021.9249085302612,1021.9249085302612,1.0,17488.510113907978,0.0,0.0,0.0,0.0,0.0,0.0,0.0,0.0,0.0,0.0,0.0,0.0,/home/zhangyz/afd_demo/crosshost_static_ep16_sweep/serial_ep16_broadcast_reduce_overlap_b256_s512_t20/timing_attention_xhost_static_serial_ep16_broadcast_reduce_overlap_b256_s512_t20.json,/home/zhangyz/afd_demo/crosshost_static_ep16_sweep/serial_ep16_broadcast_reduce_overlap_b256_s512_t20/timing_ffn_coordinator_xhost_static_serial_ep16_broadcast_reduce_overlap_b256_s512_t20.json
decode-dbo,16,broadcast_reduce_overlap,npu-official,True,True,2,256,256,20,1123.6407493216623,1012.8143882060325,0.9013685101910596,11778.330676956102,1.0631347540766,1.9777426421840458,0.08013127173515076,0.07543177839289321,2.307270926007248,0.13167445765847854,1.8814052900973153,1.846068184525567,1.23750402324615,49.9673334416002,92.95390418265015,0.3697995124685285,/home/zhangyz/afd_demo/crosshost_static_ep16_sweep/decode-dbo_ep16_broadcast_reduce_overlap_b256_s256_t20/timing_attention_xhost_static_decode-dbo_ep16_broadcast_reduce_overlap_b256_s256_t20.json,/home/zhangyz/afd_demo/crosshost_static_ep16_sweep/decode-dbo_ep16_broadcast_reduce_overlap_b256_s256_t20/timing_ffn_coordinator_xhost_static_decode-dbo_ep16_broadcast_reduce_overlap_b256_s256_t20.json
decode-dbo-crosslayer,16,broadcast_reduce_overlap,npu-official,True,True,2,256,256,20,1109.2015929446604,1012.8143882060325,0.9131021760591388,11716.0635960754,1.0798100624827947,1.9050135396103909,0.08771039218582372,0.07053027474420502,2.26945962826226,0.1295363218424485,1.8955117581967027,1.7754772177679425,1.185775732007274,50.751072936691344,89.53563636168838,0.3625639228210237,/home/zhangyz/afd_demo/crosshost_static_ep16_sweep/decode-dbo-crosslayer_ep16_broadcast_reduce_overlap_b256_s256_t20/timing_attention_xhost_static_decode-dbo-crosslayer_ep16_broadcast_reduce_overlap_b256_s256_t20.json,/home/zhangyz/afd_demo/crosshost_static_ep16_sweep/decode-dbo-crosslayer_ep16_broadcast_reduce_overlap_b256_s256_t20/timing_ffn_coordinator_xhost_static_decode-dbo-crosslayer_ep16_broadcast_reduce_overlap_b256_s256_t20.json
serial,16,broadcast_reduce_overlap,npu-official,True,True,2,256,256,20,1012.8143882060325,1012.8143882060325,1.0,11741.137898061424,0.0,0.0,0.0,0.0,0.0,0.0,0.0,0.0,0.0,0.0,0.0,0.0,/home/zhangyz/afd_demo/crosshost_static_ep16_sweep/serial_ep16_broadcast_reduce_overlap_b256_s256_t20/timing_attention_xhost_static_serial_ep16_broadcast_reduce_overlap_b256_s256_t20.json,/home/zhangyz/afd_demo/crosshost_static_ep16_sweep/serial_ep16_broadcast_reduce_overlap_b256_s256_t20/timing_ffn_coordinator_xhost_static_serial_ep16_broadcast_reduce_overlap_b256_s256_t20.json
decode-dbo,16,broadcast_reduce_overlap,npu-official,True,True,2,256,128,20,1113.9859275304173,1015.9563490459205,0.9120010620764147,8819.378484040499,1.0418297693212615,1.9884087105697774,0.08694568718288173,0.07201614789664745,2.3188441744113857,0.13126707586281477,1.8956214313375506,1.8571416347069627,1.1800771549423323,48.965999158099294,93.45520939677954,0.37172891859699375,/home/zhangyz/afd_demo/crosshost_static_ep16_sweep/decode-dbo_ep16_broadcast_reduce_overlap_b256_s128_t20/timing_attention_xhost_static_decode-dbo_ep16_broadcast_reduce_overlap_b256_s128_t20.json,/home/zhangyz/afd_demo/crosshost_static_ep16_sweep/decode-dbo_ep16_broadcast_reduce_overlap_b256_s128_t20/timing_ffn_coordinator_xhost_static_decode-dbo_ep16_broadcast_reduce_overlap_b256_s128_t20.json
decode-dbo-crosslayer,16,broadcast_reduce_overlap,npu-official,True,True,2,256,128,20,1117.5114106337883,1015.9563490459205,0.9091239153162011,8623.674895847216,1.510366448201239,2.0263132693721575,0.07789839613944927,0.06900406739813217,2.5364859153496777,0.12913637824277294,2.4163957531663014,1.8971768911293847,1.2383332545373669,70.98722306545824,95.2367236604914,0.3336502562003851,/home/zhangyz/afd_demo/crosshost_static_ep16_sweep/decode-dbo-crosslayer_ep16_broadcast_reduce_overlap_b256_s128_t20/timing_attention_xhost_static_decode-dbo-crosslayer_ep16_broadcast_reduce_overlap_b256_s128_t20.json,/home/zhangyz/afd_demo/crosshost_static_ep16_sweep/decode-dbo-crosslayer_ep16_broadcast_reduce_overlap_b256_s128_t20/timing_ffn_coordinator_xhost_static_decode-dbo-crosslayer_ep16_broadcast_reduce_overlap_b256_s128_t20.json
serial,16,broadcast_reduce_overlap,npu-official,True,True,2,256,128,20,1015.9563490459205,1015.9563490459205,1.0,8538.505254080519,0.0,0.0,0.0,0.0,0.0,0.0,0.0,0.0,0.0,0.0,0.0,0.0,/home/zhangyz/afd_demo/crosshost_static_ep16_sweep/serial_ep16_broadcast_reduce_overlap_b256_s128_t20/timing_attention_xhost_static_serial_ep16_broadcast_reduce_overlap_b256_s128_t20.json,/home/zhangyz/afd_demo/crosshost_static_ep16_sweep/serial_ep16_broadcast_reduce_overlap_b256_s128_t20/timing_ffn_coordinator_xhost_static_serial_ep16_broadcast_reduce_overlap_b256_s128_t20.json
decode-dbo,16,broadcast_reduce_overlap,npu-official,True,True,2,128,1024,20,700.6081547955737,630.2951186356183,0.8996399975097755,17958.201159955934,1.1878810808102185,1.3506472026532952,0.07651402723995294,0.06557825427660917,1.6287610633298755,0.12481621308054061,1.6401924039336278,1.2258309895727546,0.8494354031504469,55.830410798080266,63.480418524704874,0.32410689305569335,/home/zhangyz/afd_demo/crosshost_static_ep16_sweep/decode-dbo_ep16_broadcast_reduce_overlap_b128_s1024_t20/timing_attention_xhost_static_decode-dbo_ep16_broadcast_reduce_overlap_b128_s1024_t20.json,/home/zhangyz/afd_demo/crosshost_static_ep16_sweep/decode-dbo_ep16_broadcast_reduce_overlap_b128_s1024_t20/timing_ffn_coordinator_xhost_static_decode-dbo_ep16_broadcast_reduce_overlap_b128_s1024_t20.json
decode-dbo-crosslayer,16,broadcast_reduce_overlap,npu-official,True,True,2,128,1024,20,702.1003104746342,630.2951186356183,0.8977280158294275,17979.870923096314,1.168873059523708,1.3300811406224966,0.07903082989790339,0.06422721235913799,1.5709024452743061,0.11799274200692456,1.692548644372282,1.212088398615572,0.8017082644150929,54.937033797614276,62.51381360925734,0.32681277413520987,/home/zhangyz/afd_demo/crosshost_static_ep16_sweep/decode-dbo-crosslayer_ep16_broadcast_reduce_overlap_b128_s1024_t20/timing_attention_xhost_static_decode-dbo-crosslayer_ep16_broadcast_reduce_overlap_b128_s1024_t20.json,/home/zhangyz/afd_demo/crosshost_static_ep16_sweep/decode-dbo-crosslayer_ep16_broadcast_reduce_overlap_b128_s1024_t20/timing_ffn_coordinator_xhost_static_decode-dbo-crosslayer_ep16_broadcast_reduce_overlap_b128_s1024_t20.json
serial,16,broadcast_reduce_overlap,npu-official,True,True,2,128,1024,20,630.2951186356183,630.2951186356183,1.0,17956.41335612163,0.0,0.0,0.0,0.0,0.0,0.0,0.0,0.0,0.0,0.0,0.0,0.0,/home/zhangyz/afd_demo/crosshost_static_ep16_sweep/serial_ep16_broadcast_reduce_overlap_b128_s1024_t20/timing_attention_xhost_static_serial_ep16_broadcast_reduce_overlap_b128_s1024_t20.json,/home/zhangyz/afd_demo/crosshost_static_ep16_sweep/serial_ep16_broadcast_reduce_overlap_b128_s1024_t20/timing_ffn_coordinator_xhost_static_serial_ep16_broadcast_reduce_overlap_b128_s1024_t20.json
decode-dbo,16,broadcast_reduce_overlap,npu-official,True,True,2,128,512,20,725.7753214186156,623.4148777408624,0.8589640062744524,11832.239830167964,1.101845610351797,1.8099088920280337,0.08871144258437004,0.07955693798337846,2.186463281333922,0.13031014191739737,1.8346762591774792,1.6795987501106364,1.1239195827077677,51.786743686534464,85.06571792531759,0.35500815555776843,/home/zhangyz/afd_demo/crosshost_static_ep16_sweep/decode-dbo_ep16_broadcast_reduce_overlap_b128_s512_t20/timing_attention_xhost_static_decode-dbo_ep16_broadcast_reduce_overlap_b128_s512_t20.json,/home/zhangyz/afd_demo/crosshost_static_ep16_sweep/decode-dbo_ep16_broadcast_reduce_overlap_b128_s512_t20/timing_ffn_coordinator_xhost_static_decode-dbo_ep16_broadcast_reduce_overlap_b128_s512_t20.json
decode-dbo-crosslayer,16,broadcast_reduce_overlap,npu-official,True,True,2,128,512,20,718.6782594745684,623.4148777408624,0.8674464122466236,11512.081297812983,1.0477226980506105,1.725418376736343,0.07840637315778022,0.06593168623983225,2.1052291775320437,0.12321239634555706,1.7753944935356365,1.6022059803907858,1.0684680396770225,49.242966808378696,81.09466370660812,0.35368745861717704,/home/zhangyz/afd_demo/crosshost_static_ep16_sweep/decode-dbo-crosslayer_ep16_broadcast_reduce_overlap_b128_s512_t20/timing_attention_xhost_static_decode-dbo-crosslayer_ep16_broadcast_reduce_overlap_b128_s512_t20.json,/home/zhangyz/afd_demo/crosshost_static_ep16_sweep/decode-dbo-crosslayer_ep16_broadcast_reduce_overlap_b128_s512_t20/timing_ffn_coordinator_xhost_static_decode-dbo-crosslayer_ep16_broadcast_reduce_overlap_b128_s512_t20.json
serial,16,broadcast_reduce_overlap,npu-official,True,True,2,128,512,20,623.4148777408624,623.4148777408624,1.0,11727.457757107913,0.0,0.0,0.0,0.0,0.0,0.0,0.0,0.0,0.0,0.0,0.0,0.0,/home/zhangyz/afd_demo/crosshost_static_ep16_sweep/serial_ep16_broadcast_reduce_overlap_b128_s512_t20/timing_attention_xhost_static_serial_ep16_broadcast_reduce_overlap_b128_s512_t20.json,/home/zhangyz/afd_demo/crosshost_static_ep16_sweep/serial_ep16_broadcast_reduce_overlap_b128_s512_t20/timing_ffn_coordinator_xhost_static_serial_ep16_broadcast_reduce_overlap_b128_s512_t20.json
decode-dbo,16,broadcast_reduce_overlap,npu-official,True,True,2,128,256,20,691.4729333213089,613.6780100948129,0.8874938996486406,8691.351301968098,0.9537972658476297,1.71249445052223,0.07488476756484584,0.0639808106612652,2.062280124865789,0.13899217121937174,1.6758586948816763,1.5735022793028584,1.0511712245444984,44.828471494838595,80.48723917454481,0.36215891563460495,/home/zhangyz/afd_demo/crosshost_static_ep16_sweep/decode-dbo_ep16_broadcast_reduce_overlap_b128_s256_t20/timing_attention_xhost_static_decode-dbo_ep16_broadcast_reduce_overlap_b128_s256_t20.json,/home/zhangyz/afd_demo/crosshost_static_ep16_sweep/decode-dbo_ep16_broadcast_reduce_overlap_b128_s256_t20/timing_ffn_coordinator_xhost_static_decode-dbo_ep16_broadcast_reduce_overlap_b128_s256_t20.json
decode-dbo-crosslayer,16,broadcast_reduce_overlap,npu-official,True,True,2,128,256,20,698.686237054828,613.6780100948129,0.8783313274949421,8618.636425817385,0.9551544505310186,1.7342798144338614,0.08267795350006286,0.07367948506106721,2.1645478740770447,0.13478490910393762,1.7845799893814516,1.5994949053299237,1.0701300640729197,44.89225917495787,81.51115127839148,0.357290110419766,/home/zhangyz/afd_demo/crosshost_static_ep16_sweep/decode-dbo-crosslayer_ep16_broadcast_reduce_overlap_b128_s256_t20/timing_attention_xhost_static_decode-dbo-crosslayer_ep16_broadcast_reduce_overlap_b128_s256_t20.json,/home/zhangyz/afd_demo/crosshost_static_ep16_sweep/decode-dbo-crosslayer_ep16_broadcast_reduce_overlap_b128_s256_t20/timing_ffn_coordinator_xhost_static_decode-dbo-crosslayer_ep16_broadcast_reduce_overlap_b128_s256_t20.json
serial,16,broadcast_reduce_overlap,npu-official,True,True,2,128,256,20,613.6780100948129,613.6780100948129,1.0,8758.546421071514,0.0,0.0,0.0,0.0,0.0,0.0,0.0,0.0,0.0,0.0,0.0,0.0,/home/zhangyz/afd_demo/crosshost_static_ep16_sweep/serial_ep16_broadcast_reduce_overlap_b128_s256_t20/timing_attention_xhost_static_serial_ep16_broadcast_reduce_overlap_b128_s256_t20.json,/home/zhangyz/afd_demo/crosshost_static_ep16_sweep/serial_ep16_broadcast_reduce_overlap_b128_s256_t20/timing_ffn_coordinator_xhost_static_serial_ep16_broadcast_reduce_overlap_b128_s256_t20.json
decode-dbo,16,broadcast_reduce_overlap,npu-official,True,True,2,128,128,20,715.2116131037474,622.9426483746225,0.8709906787884603,7099.342374829575,0.929331231089507,1.7978378170308598,0.07838710270663525,0.07218411043682631,2.2631889119982085,0.13127443232038555,1.7352692406386772,1.6665633847104742,1.0947432453209098,43.67856786120683,84.49837740045041,0.36026229609150956,/home/zhangyz/afd_demo/crosshost_static_ep16_sweep/decode-dbo_ep16_broadcast_reduce_overlap_b128_s128_t20/timing_attention_xhost_static_decode-dbo_ep16_broadcast_reduce_overlap_b128_s128_t20.json,/home/zhangyz/afd_demo/crosshost_static_ep16_sweep/decode-dbo_ep16_broadcast_reduce_overlap_b128_s128_t20/timing_ffn_coordinator_xhost_static_decode-dbo_ep16_broadcast_reduce_overlap_b128_s128_t20.json
decode-dbo-crosslayer,16,broadcast_reduce_overlap,npu-official,True,True,2,128,128,20,725.019457529446,622.9426483746225,0.8592081797326416,7033.545240061358,0.9775712511482391,1.7190761715570029,0.08651896558226423,0.06793094848460973,2.1202285709652178,0.12912205420434475,1.7451201020640896,1.5899541173526581,1.0784358687778102,45.94584880396724,80.79658006317914,0.35688611743709575,/home/zhangyz/afd_demo/crosshost_static_ep16_sweep/decode-dbo-crosslayer_ep16_broadcast_reduce_overlap_b128_s128_t20/timing_attention_xhost_static_decode-dbo-crosslayer_ep16_broadcast_reduce_overlap_b128_s128_t20.json,/home/zhangyz/afd_demo/crosshost_static_ep16_sweep/decode-dbo-crosslayer_ep16_broadcast_reduce_overlap_b128_s128_t20/timing_ffn_coordinator_xhost_static_decode-dbo-crosslayer_ep16_broadcast_reduce_overlap_b128_s128_t20.json
serial,16,broadcast_reduce_overlap,npu-official,True,True,2,128,128,20,622.9426483746225,622.9426483746225,1.0,7047.528208931908,0.0,0.0,0.0,0.0,0.0,0.0,0.0,0.0,0.0,0.0,0.0,0.0,/home/zhangyz/afd_demo/crosshost_static_ep16_sweep/serial_ep16_broadcast_reduce_overlap_b128_s128_t20/timing_attention_xhost_static_serial_ep16_broadcast_reduce_overlap_b128_s128_t20.json,/home/zhangyz/afd_demo/crosshost_static_ep16_sweep/serial_ep16_broadcast_reduce_overlap_b128_s128_t20/timing_ffn_coordinator_xhost_static_serial_ep16_broadcast_reduce_overlap_b128_s128_t20.json
decode-dbo,16,broadcast_reduce_overlap,npu-official,True,True,2,64,1024,20,515.335305103738,436.58509348077996,0.8471864612359413,11900.777514092624,1.137718152096297,1.5418071453360485,0.09624588432067886,0.07542554150394937,1.8973021862156532,0.13757973631962817,1.7413588320004179,1.4042274090164202,0.9881556157934221,53.47275314852595,72.46493583079427,0.3368724626052844,/home/zhangyz/afd_demo/crosshost_static_ep16_sweep/decode-dbo_ep16_broadcast_reduce_overlap_b64_s1024_t20/timing_attention_xhost_static_decode-dbo_ep16_broadcast_reduce_overlap_b64_s1024_t20.json,/home/zhangyz/afd_demo/crosshost_static_ep16_sweep/decode-dbo_ep16_broadcast_reduce_overlap_b64_s1024_t20/timing_ffn_coordinator_xhost_static_decode-dbo_ep16_broadcast_reduce_overlap_b64_s1024_t20.json
decode-dbo-crosslayer,16,broadcast_reduce_overlap,npu-official,True,True,2,64,1024,20,518.7824733163181,436.58509348077996,0.8415571379848451,11893.313495907933,0.991059194735073,1.262445822655362,0.07199214652497718,0.06617828609144434,1.6266329417084442,0.12822971094716737,1.504303627409675,1.1342161117081946,0.8404096365569437,46.57978215254843,59.334953664802015,0.32536106601440323,/home/zhangyz/afd_demo/crosshost_static_ep16_sweep/decode-dbo-crosslayer_ep16_broadcast_reduce_overlap_b64_s1024_t20/timing_attention_xhost_static_decode-dbo-crosslayer_ep16_broadcast_reduce_overlap_b64_s1024_t20.json,/home/zhangyz/afd_demo/crosshost_static_ep16_sweep/decode-dbo-crosslayer_ep16_broadcast_reduce_overlap_b64_s1024_t20/timing_ffn_coordinator_xhost_static_decode-dbo-crosslayer_ep16_broadcast_reduce_overlap_b64_s1024_t20.json
serial,16,broadcast_reduce_overlap,npu-official,True,True,2,64,1024,20,436.58509348077996,436.58509348077996,1.0,11960.3247938212,0.0,0.0,0.0,0.0,0.0,0.0,0.0,0.0,0.0,0.0,0.0,0.0,/home/zhangyz/afd_demo/crosshost_static_ep16_sweep/serial_ep16_broadcast_reduce_overlap_b64_s1024_t20/timing_attention_xhost_static_serial_ep16_broadcast_reduce_overlap_b64_s1024_t20.json,/home/zhangyz/afd_demo/crosshost_static_ep16_sweep/serial_ep16_broadcast_reduce_overlap_b64_s1024_t20/timing_ffn_coordinator_xhost_static_serial_ep16_broadcast_reduce_overlap_b64_s1024_t20.json
decode-dbo,16,broadcast_reduce_overlap,npu-official,True,True,2,64,512,20,501.09761073499135,424.39294351558937,0.8469266953660097,8494.66528207995,1.0294373310666451,1.5397862570875502,0.08420440853830982,0.06494039243602372,1.871634205367337,0.12267093382220953,1.686721116284582,1.4171153232653408,0.938174042335533,48.383554560132325,72.36995408311486,0.3467317191137803,/home/zhangyz/afd_demo/crosshost_static_ep16_sweep/decode-dbo_ep16_broadcast_reduce_overlap_b64_s512_t20/timing_attention_xhost_static_decode-dbo_ep16_broadcast_reduce_overlap_b64_s512_t20.json,/home/zhangyz/afd_demo/crosshost_static_ep16_sweep/decode-dbo_ep16_broadcast_reduce_overlap_b64_s512_t20/timing_ffn_coordinator_xhost_static_decode-dbo_ep16_broadcast_reduce_overlap_b64_s512_t20.json
decode-dbo-crosslayer,16,broadcast_reduce_overlap,npu-official,True,True,2,64,512,20,513.5077069464483,424.39294351558937,0.8264587615232183,8700.544312829152,1.0838944197414404,1.5521039467978668,0.09052290462274501,0.07048511798394487,1.9306855826103624,0.13157154651398353,1.7639862923347887,1.4205324002838833,1.0036433318709121,50.943037727847695,72.94888549949974,0.3398754904172585,/home/zhangyz/afd_demo/crosshost_static_ep16_sweep/decode-dbo-crosslayer_ep16_broadcast_reduce_overlap_b64_s512_t20/timing_attention_xhost_static_decode-dbo-crosslayer_ep16_broadcast_reduce_overlap_b64_s512_t20.json,/home/zhangyz/afd_demo/crosshost_static_ep16_sweep/decode-dbo-crosslayer_ep16_broadcast_reduce_overlap_b64_s512_t20/timing_ffn_coordinator_xhost_static_decode-dbo-crosslayer_ep16_broadcast_reduce_overlap_b64_s512_t20.json
serial,16,broadcast_reduce_overlap,npu-official,True,True,2,64,512,20,424.39294351558937,424.39294351558937,1.0,8782.256577862427,0.0,0.0,0.0,0.0,0.0,0.0,0.0,0.0,0.0,0.0,0.0,0.0,/home/zhangyz/afd_demo/crosshost_static_ep16_sweep/serial_ep16_broadcast_reduce_overlap_b64_s512_t20/timing_attention_xhost_static_serial_ep16_broadcast_reduce_overlap_b64_s512_t20.json,/home/zhangyz/afd_demo/crosshost_static_ep16_sweep/serial_ep16_broadcast_reduce_overlap_b64_s512_t20/timing_ffn_coordinator_xhost_static_serial_ep16_broadcast_reduce_overlap_b64_s512_t20.json
decode-dbo,16,broadcast_reduce_overlap,npu-official,True,True,2,64,256,20,507.99414789990374,422.35823194986506,0.8314234203207542,7493.069761898369,0.9421433119024051,1.5280207673563284,0.08036482068610952,0.07029788003877756,1.9531833587531398,0.12579248187706826,1.5775792949654637,1.4022282854792603,0.9785732749770296,44.28073565941304,71.81697606574744,0.3454444374469295,/home/zhangyz/afd_demo/crosshost_static_ep16_sweep/decode-dbo_ep16_broadcast_reduce_overlap_b64_s256_t20/timing_attention_xhost_static_decode-dbo_ep16_broadcast_reduce_overlap_b64_s256_t20.json,/home/zhangyz/afd_demo/crosshost_static_ep16_sweep/decode-dbo_ep16_broadcast_reduce_overlap_b64_s256_t20/timing_ffn_coordinator_xhost_static_decode-dbo_ep16_broadcast_reduce_overlap_b64_s256_t20.json
decode-dbo-crosslayer,16,broadcast_reduce_overlap,npu-official,True,True,2,64,256,20,512.5842169539904,422.35823194986506,0.8239782224659795,7445.413897978142,0.9693256158262809,1.5485052296772917,0.08719671329364498,0.07715735316989904,2.0309435798132673,0.13274140160610068,1.759236017142997,1.415763828071191,1.0004780562396378,45.5583039438352,72.7797457948327,0.34042251492157305,/home/zhangyz/afd_demo/crosshost_static_ep16_sweep/decode-dbo-crosslayer_ep16_broadcast_reduce_overlap_b64_s256_t20/timing_attention_xhost_static_decode-dbo-crosslayer_ep16_broadcast_reduce_overlap_b64_s256_t20.json,/home/zhangyz/afd_demo/crosshost_static_ep16_sweep/decode-dbo-crosslayer_ep16_broadcast_reduce_overlap_b64_s256_t20/timing_ffn_coordinator_xhost_static_decode-dbo-crosslayer_ep16_broadcast_reduce_overlap_b64_s256_t20.json
serial,16,broadcast_reduce_overlap,npu-official,True,True,2,64,256,20,422.35823194986506,422.35823194986506,1.0,7266.382271889597,0.0,0.0,0.0,0.0,0.0,0.0,0.0,0.0,0.0,0.0,0.0,0.0,/home/zhangyz/afd_demo/crosshost_static_ep16_sweep/serial_ep16_broadcast_reduce_overlap_b64_s256_t20/timing_attention_xhost_static_serial_ep16_broadcast_reduce_overlap_b64_s256_t20.json,/home/zhangyz/afd_demo/crosshost_static_ep16_sweep/serial_ep16_broadcast_reduce_overlap_b64_s256_t20/timing_ffn_coordinator_xhost_static_serial_ep16_broadcast_reduce_overlap_b64_s256_t20.json
decode-dbo,16,broadcast_reduce_overlap,npu-official,True,True,2,64,128,20,509.57603578602794,434.6583464280947,0.8529803521031524,6555.244676070288,0.9217135895519181,1.55308417866918,0.08262659452776326,0.06549101213904772,1.972666295106582,0.12540711496183846,1.5280037954885592,1.4276770637073415,1.0241664886633133,43.32053870894015,72.99495639745146,0.34920668420356654,/home/zhangyz/afd_demo/crosshost_static_ep16_sweep/decode-dbo_ep16_broadcast_reduce_overlap_b64_s128_t20/timing_attention_xhost_static_decode-dbo_ep16_broadcast_reduce_overlap_b64_s128_t20.json,/home/zhangyz/afd_demo/crosshost_static_ep16_sweep/decode-dbo_ep16_broadcast_reduce_overlap_b64_s128_t20/timing_ffn_coordinator_xhost_static_decode-dbo_ep16_broadcast_reduce_overlap_b64_s128_t20.json
decode-dbo-crosslayer,16,broadcast_reduce_overlap,npu-official,True,True,2,64,128,20,517.0827493635252,434.6583464280947,0.8405972679674844,6627.169731771573,0.9306961833994757,1.7611223664332896,0.0773125868092509,0.0649872483645982,2.211666829448114,0.15485057102001093,1.943805874226258,1.6062717954132786,1.0445599736487294,43.742720619775355,82.7727512223646,0.3591572586052183,/home/zhangyz/afd_demo/crosshost_static_ep16_sweep/decode-dbo-crosslayer_ep16_broadcast_reduce_overlap_b64_s128_t20/timing_attention_xhost_static_decode-dbo-crosslayer_ep16_broadcast_reduce_overlap_b64_s128_t20.json,/home/zhangyz/afd_demo/crosshost_static_ep16_sweep/decode-dbo-crosslayer_ep16_broadcast_reduce_overlap_b64_s128_t20/timing_ffn_coordinator_xhost_static_decode-dbo-crosslayer_ep16_broadcast_reduce_overlap_b64_s128_t20.json
serial,16,broadcast_reduce_overlap,npu-official,True,True,2,64,128,20,434.6583464280947,434.6583464280947,1.0,6668.8830479979515,0.0,0.0,0.0,0.0,0.0,0.0,0.0,0.0,0.0,0.0,0.0,0.0,/home/zhangyz/afd_demo/crosshost_static_ep16_sweep/serial_ep16_broadcast_reduce_overlap_b64_s128_t20/timing_attention_xhost_static_serial_ep16_broadcast_reduce_overlap_b64_s128_t20.json,/home/zhangyz/afd_demo/crosshost_static_ep16_sweep/serial_ep16_broadcast_reduce_overlap_b64_s128_t20/timing_ffn_coordinator_xhost_static_serial_ep16_broadcast_reduce_overlap_b64_s128_t20.json
decode-dbo,16,broadcast_reduce_overlap,npu-official,True,True,2,32,1024,20,361.2770147401055,301.1751502115083,0.833640497246045,8531.293319072574,1.043698807405506,1.082393023720447,0.08765505775412981,0.06382729600560158,1.4377660192351074,0.1223221510410943,1.4491890299510448,0.9600708726793528,0.7274728986692238,49.053843948058784,50.87247211486101,0.3037138598585766,/home/zhangyz/afd_demo/crosshost_static_ep16_sweep/decode-dbo_ep16_broadcast_reduce_overlap_b32_s1024_t20/timing_attention_xhost_static_decode-dbo_ep16_broadcast_reduce_overlap_b32_s1024_t20.json,/home/zhangyz/afd_demo/crosshost_static_ep16_sweep/decode-dbo_ep16_broadcast_reduce_overlap_b32_s1024_t20/timing_ffn_coordinator_xhost_static_decode-dbo_ep16_broadcast_reduce_overlap_b32_s1024_t20.json
decode-dbo-crosslayer,16,broadcast_reduce_overlap,npu-official,True,True,2,32,1024,20,379.09502842414537,301.1751502115083,0.7944581902417949,8827.119172085077,1.0442227754305968,1.158404104570125,0.08989285003948719,0.07542198712125103,1.5842626589608002,0.13031222996242503,1.5246891119378678,1.0280918746077,0.8031355137837694,49.078470445238054,54.444992914795876,0.3058985726020923,/home/zhangyz/afd_demo/crosshost_static_ep16_sweep/decode-dbo-crosslayer_ep16_broadcast_reduce_overlap_b32_s1024_t20/timing_attention_xhost_static_decode-dbo-crosslayer_ep16_broadcast_reduce_overlap_b32_s1024_t20.json,/home/zhangyz/afd_demo/crosshost_static_ep16_sweep/decode-dbo-crosslayer_ep16_broadcast_reduce_overlap_b32_s1024_t20/timing_ffn_coordinator_xhost_static_decode-dbo-crosslayer_ep16_broadcast_reduce_overlap_b32_s1024_t20.json
serial,16,broadcast_reduce_overlap,npu-official,True,True,2,32,1024,20,301.1751502115083,301.1751502115083,1.0,8660.192430019379,0.0,0.0,0.0,0.0,0.0,0.0,0.0,0.0,0.0,0.0,0.0,0.0,/home/zhangyz/afd_demo/crosshost_static_ep16_sweep/serial_ep16_broadcast_reduce_overlap_b32_s1024_t20/timing_attention_xhost_static_serial_ep16_broadcast_reduce_overlap_b32_s1024_t20.json,/home/zhangyz/afd_demo/crosshost_static_ep16_sweep/serial_ep16_broadcast_reduce_overlap_b32_s1024_t20/timing_ffn_coordinator_xhost_static_serial_ep16_broadcast_reduce_overlap_b32_s1024_t20.json
decode-dbo,16,broadcast_reduce_overlap,npu-official,True,True,2,32,512,20,378.485031781326,301.165011527605,0.7957118148376512,7301.953366026282,1.0309140792393938,1.3950787078430678,0.08740641939592489,0.07655816846229929,1.7847918652671766,0.12738364401887706,1.6389474560050887,1.2676950638241908,0.9262977475102278,48.45296172425151,65.56869926862419,0.33131086555675726,/home/zhangyz/afd_demo/crosshost_static_ep16_sweep/decode-dbo_ep16_broadcast_reduce_overlap_b32_s512_t20/timing_attention_xhost_static_decode-dbo_ep16_broadcast_reduce_overlap_b32_s512_t20.json,/home/zhangyz/afd_demo/crosshost_static_ep16_sweep/decode-dbo_ep16_broadcast_reduce_overlap_b32_s512_t20/timing_ffn_coordinator_xhost_static_decode-dbo_ep16_broadcast_reduce_overlap_b32_s512_t20.json
decode-dbo-crosslayer,16,broadcast_reduce_overlap,npu-official,True,True,2,32,512,20,379.000529573348,301.165011527605,0.7946295269471926,7288.071668008342,0.9788152900464991,1.528474658311523,0.08935377031485452,0.07372308136063054,1.9449572019437527,0.1273918624452137,1.6561683262401121,1.4010827958663092,1.020708916451227,46.00431863218546,71.83830894064158,0.3433040904317099,/home/zhangyz/afd_demo/crosshost_static_ep16_sweep/decode-dbo-crosslayer_ep16_broadcast_reduce_overlap_b32_s512_t20/timing_attention_xhost_static_decode-dbo-crosslayer_ep16_broadcast_reduce_overlap_b32_s512_t20.json,/home/zhangyz/afd_demo/crosshost_static_ep16_sweep/decode-dbo-crosslayer_ep16_broadcast_reduce_overlap_b32_s512_t20/timing_ffn_coordinator_xhost_static_decode-dbo-crosslayer_ep16_broadcast_reduce_overlap_b32_s512_t20.json
serial,16,broadcast_reduce_overlap,npu-official,True,True,2,32,512,20,301.165011527605,301.165011527605,1.0,7423.544424818829,0.0,0.0,0.0,0.0,0.0,0.0,0.0,0.0,0.0,0.0,0.0,0.0,/home/zhangyz/afd_demo/crosshost_static_ep16_sweep/serial_ep16_broadcast_reduce_overlap_b32_s512_t20/timing_attention_xhost_static_serial_ep16_broadcast_reduce_overlap_b32_s512_t20.json,/home/zhangyz/afd_demo/crosshost_static_ep16_sweep/serial_ep16_broadcast_reduce_overlap_b32_s512_t20/timing_ffn_coordinator_xhost_static_serial_ep16_broadcast_reduce_overlap_b32_s512_t20.json
decode-dbo,16,broadcast_reduce_overlap,npu-official,True,True,2,32,256,20,384.36136484195134,298.73972005014747,0.7772365991389084,6550.788943190128,0.9789327357677703,1.6160052631327764,0.08454393010903546,0.07437737262312402,2.096007226352045,0.148653842885285,1.943082838477765,1.4673514202474913,0.9170747386846454,46.009838581085205,75.95224736724049,0.344494592354947,/home/zhangyz/afd_demo/crosshost_static_ep16_sweep/decode-dbo_ep16_broadcast_reduce_overlap_b32_s256_t20/timing_attention_xhost_static_decode-dbo_ep16_broadcast_reduce_overlap_b32_s256_t20.json,/home/zhangyz/afd_demo/crosshost_static_ep16_sweep/decode-dbo_ep16_broadcast_reduce_overlap_b32_s256_t20/timing_ffn_coordinator_xhost_static_decode-dbo_ep16_broadcast_reduce_overlap_b32_s256_t20.json
decode-dbo-crosslayer,16,broadcast_reduce_overlap,npu-official,True,True,2,32,256,20,374.59029173968656,298.73972005014747,0.7975105779242944,6584.692440927029,0.9838836812513306,1.2829479330437297,0.08044895676380777,0.06990125303731319,1.688803796299753,0.1349423917882303,1.6206333889289106,1.1480055412554995,0.821380789312435,46.24253301881254,60.2985528530553,0.32433422190717304,/home/zhangyz/afd_demo/crosshost_static_ep16_sweep/decode-dbo-crosslayer_ep16_broadcast_reduce_overlap_b32_s256_t20/timing_attention_xhost_static_decode-dbo-crosslayer_ep16_broadcast_reduce_overlap_b32_s256_t20.json,/home/zhangyz/afd_demo/crosshost_static_ep16_sweep/decode-dbo-crosslayer_ep16_broadcast_reduce_overlap_b32_s256_t20/timing_ffn_coordinator_xhost_static_decode-dbo-crosslayer_ep16_broadcast_reduce_overlap_b32_s256_t20.json
serial,16,broadcast_reduce_overlap,npu-official,True,True,2,32,256,20,298.73972005014747,298.73972005014747,1.0,6627.988705877215,0.0,0.0,0.0,0.0,0.0,0.0,0.0,0.0,0.0,0.0,0.0,0.0,/home/zhangyz/afd_demo/crosshost_static_ep16_sweep/serial_ep16_broadcast_reduce_overlap_b32_s256_t20/timing_attention_xhost_static_serial_ep16_broadcast_reduce_overlap_b32_s256_t20.json,/home/zhangyz/afd_demo/crosshost_static_ep16_sweep/serial_ep16_broadcast_reduce_overlap_b32_s256_t20/timing_ffn_coordinator_xhost_static_serial_ep16_broadcast_reduce_overlap_b32_s256_t20.json
decode-dbo,16,broadcast_reduce_overlap,npu-official,True,True,2,32,128,20,368.87430915559986,309.1100223092852,0.8379819755322004,5832.310345955193,0.979549613127366,1.3072257093649278,0.08572882506996393,0.06314938234046419,1.6974616954301267,0.1162110822909373,1.5126218390155663,1.1910146270739905,0.8438197707638462,46.0388318169862,61.43960834015161,0.3280993835167418,/home/zhangyz/afd_demo/crosshost_static_ep16_sweep/decode-dbo_ep16_broadcast_reduce_overlap_b32_s128_t20/timing_attention_xhost_static_decode-dbo_ep16_broadcast_reduce_overlap_b32_s128_t20.json,/home/zhangyz/afd_demo/crosshost_static_ep16_sweep/decode-dbo_ep16_broadcast_reduce_overlap_b32_s128_t20/timing_ffn_coordinator_xhost_static_decode-dbo_ep16_broadcast_reduce_overlap_b32_s128_t20.json
decode-dbo-crosslayer,16,broadcast_reduce_overlap,npu-official,True,True,2,32,128,20,371.6770277824253,309.1100223092852,0.8316629740437821,5681.5016369801015,0.9999478884794294,1.4869759746014755,0.0871700715233988,0.0713969050767891,1.9044808676823022,0.12352295031652172,1.7268248794085168,1.3634530242849539,0.9153947516522826,46.99755075853318,69.88787080626935,0.3386105507845198,/home/zhangyz/afd_demo/crosshost_static_ep16_sweep/decode-dbo-crosslayer_ep16_broadcast_reduce_overlap_b32_s128_t20/timing_attention_xhost_static_decode-dbo-crosslayer_ep16_broadcast_reduce_overlap_b32_s128_t20.json,/home/zhangyz/afd_demo/crosshost_static_ep16_sweep/decode-dbo-crosslayer_ep16_broadcast_reduce_overlap_b32_s128_t20/timing_ffn_coordinator_xhost_static_decode-dbo-crosslayer_ep16_broadcast_reduce_overlap_b32_s128_t20.json
serial,16,broadcast_reduce_overlap,npu-official,True,True,2,32,128,20,309.1100223092852,309.1100223092852,1.0,5886.116608977318,0.0,0.0,0.0,0.0,0.0,0.0,0.0,0.0,0.0,0.0,0.0,0.0,/home/zhangyz/afd_demo/crosshost_static_ep16_sweep/serial_ep16_broadcast_reduce_overlap_b32_s128_t20/timing_attention_xhost_static_serial_ep16_broadcast_reduce_overlap_b32_s128_t20.json,/home/zhangyz/afd_demo/crosshost_static_ep16_sweep/serial_ep16_broadcast_reduce_overlap_b32_s128_t20/timing_ffn_coordinator_xhost_static_serial_ep16_broadcast_reduce_overlap_b32_s128_t20.json
decode-dbo,16,broadcast_reduce_overlap,npu-official,True,True,2,16,1024,20,327.1601292623305,250.57635000465731,0.7659134704759053,7375.67473994568,1.0259695118293166,1.2007489840083934,0.09356015064614884,0.08223914452134928,1.5781240195947441,0.13536307713056497,1.5113863752203736,1.0653859068778284,0.836537489568458,48.22056705597788,56.43520224839449,0.31558441095476397,/home/zhangyz/afd_demo/crosshost_static_ep16_sweep/decode-dbo_ep16_broadcast_reduce_overlap_b16_s1024_t20/timing_attention_xhost_static_decode-dbo_ep16_broadcast_reduce_overlap_b16_s1024_t20.json,/home/zhangyz/afd_demo/crosshost_static_ep16_sweep/decode-dbo_ep16_broadcast_reduce_overlap_b16_s1024_t20/timing_ffn_coordinator_xhost_static_decode-dbo_ep16_broadcast_reduce_overlap_b16_s1024_t20.json
decode-dbo-crosslayer,16,broadcast_reduce_overlap,npu-official,True,True,2,16,1024,20,308.6428004684613,250.57635000465731,0.8118652034790051,7331.087773898616,1.0055536354713617,0.9137036110413201,0.08610837121910238,0.06328637097427185,1.3240298152247325,0.1195110702649393,1.3831888246250914,0.7941925407763808,0.6171204496492096,47.261020867154,42.944069718942046,0.3100415153916999,/home/zhangyz/afd_demo/crosshost_static_ep16_sweep/decode-dbo-crosslayer_ep16_broadcast_reduce_overlap_b16_s1024_t20/timing_attention_xhost_static_decode-dbo-crosslayer_ep16_broadcast_reduce_overlap_b16_s1024_t20.json,/home/zhangyz/afd_demo/crosshost_static_ep16_sweep/decode-dbo-crosslayer_ep16_broadcast_reduce_overlap_b16_s1024_t20/timing_ffn_coordinator_xhost_static_decode-dbo-crosslayer_ep16_broadcast_reduce_overlap_b16_s1024_t20.json
serial,16,broadcast_reduce_overlap,npu-official,True,True,2,16,1024,20,250.57635000465731,250.57635000465731,1.0,7591.692527057603,0.0,0.0,0.0,0.0,0.0,0.0,0.0,0.0,0.0,0.0,0.0,0.0,/home/zhangyz/afd_demo/crosshost_static_ep16_sweep/serial_ep16_broadcast_reduce_overlap_b16_s1024_t20/timing_attention_xhost_static_serial_ep16_broadcast_reduce_overlap_b16_s1024_t20.json,/home/zhangyz/afd_demo/crosshost_static_ep16_sweep/serial_ep16_broadcast_reduce_overlap_b16_s1024_t20/timing_ffn_coordinator_xhost_static_serial_ep16_broadcast_reduce_overlap_b16_s1024_t20.json
decode-dbo,16,broadcast_reduce_overlap,npu-official,True,True,2,16,512,20,314.5677407370194,248.7288830973404,0.7907005420027456,6512.237166985869,1.0566244575571506,1.2627482201230336,0.09267011835695581,0.06856153808296361,1.6113352377284715,0.1234274823218584,1.5550744695034115,1.1393207378011752,0.823267695910119,49.66134950518608,59.34916634578258,0.32125211216355465,/home/zhangyz/afd_demo/crosshost_static_ep16_sweep/decode-dbo_ep16_broadcast_reduce_overlap_b16_s512_t20/timing_attention_xhost_static_decode-dbo_ep16_broadcast_reduce_overlap_b16_s512_t20.json,/home/zhangyz/afd_demo/crosshost_static_ep16_sweep/decode-dbo_ep16_broadcast_reduce_overlap_b16_s512_t20/timing_ffn_coordinator_xhost_static_decode-dbo_ep16_broadcast_reduce_overlap_b16_s512_t20.json
decode-dbo-crosslayer,16,broadcast_reduce_overlap,npu-official,True,True,2,16,512,20,315.7830215304306,248.7288830973404,0.7876575564192312,6558.67429706268,0.9239524543443893,1.372477460771482,0.07928672811373118,0.07434253471883688,1.8820300019603777,0.1333797216772082,1.5749000954104866,1.239097739094274,0.9346288861706853,43.4257653541863,64.50644065625966,0.32846491004078643,/home/zhangyz/afd_demo/crosshost_static_ep16_sweep/decode-dbo-crosslayer_ep16_broadcast_reduce_overlap_b16_s512_t20/timing_attention_xhost_static_decode-dbo-crosslayer_ep16_broadcast_reduce_overlap_b16_s512_t20.json,/home/zhangyz/afd_demo/crosshost_static_ep16_sweep/decode-dbo-crosslayer_ep16_broadcast_reduce_overlap_b16_s512_t20/timing_ffn_coordinator_xhost_static_decode-dbo-crosslayer_ep16_broadcast_reduce_overlap_b16_s512_t20.json
serial,16,broadcast_reduce_overlap,npu-official,True,True,2,16,512,20,248.7288830973404,248.7288830973404,1.0,6805.706941988319,0.0,0.0,0.0,0.0,0.0,0.0,0.0,0.0,0.0,0.0,0.0,0.0,/home/zhangyz/afd_demo/crosshost_static_ep16_sweep/serial_ep16_broadcast_reduce_overlap_b16_s512_t20/timing_attention_xhost_static_serial_ep16_broadcast_reduce_overlap_b16_s512_t20.json,/home/zhangyz/afd_demo/crosshost_static_ep16_sweep/serial_ep16_broadcast_reduce_overlap_b16_s512_t20/timing_ffn_coordinator_xhost_static_serial_ep16_broadcast_reduce_overlap_b16_s512_t20.json
decode-dbo,16,broadcast_reduce_overlap,npu-official,True,True,2,16,256,20,311.94214441960577,248.15355552556483,0.7955114753323091,5937.196855200455,0.9598824681040454,1.0681079125943336,0.08100339835707812,0.07309374756159935,1.4873653466991605,0.13338317202919342,1.366812817534392,0.9347247405651402,0.8013244257605774,45.114476000890136,50.20107189193368,0.303840633899394,/home/zhangyz/afd_demo/crosshost_static_ep16_sweep/decode-dbo_ep16_broadcast_reduce_overlap_b16_s256_t20/timing_attention_xhost_static_decode-dbo_ep16_broadcast_reduce_overlap_b16_s256_t20.json,/home/zhangyz/afd_demo/crosshost_static_ep16_sweep/decode-dbo_ep16_broadcast_reduce_overlap_b16_s256_t20/timing_ffn_coordinator_xhost_static_decode-dbo_ep16_broadcast_reduce_overlap_b16_s256_t20.json
decode-dbo-crosslayer,16,broadcast_reduce_overlap,npu-official,True,True,2,16,256,20,319.20150695613734,248.15355552556483,0.77741974933616,5727.288905065507,1.0131966307798916,1.2712368439447055,0.08909538279267702,0.07656697887293201,1.686257783303711,0.12617355133307742,1.5733661055763035,1.1450632926116282,0.9074616667002122,47.620241646654904,59.74813166540116,0.3201550463976271,/home/zhangyz/afd_demo/crosshost_static_ep16_sweep/decode-dbo-crosslayer_ep16_broadcast_reduce_overlap_b16_s256_t20/timing_attention_xhost_static_decode-dbo-crosslayer_ep16_broadcast_reduce_overlap_b16_s256_t20.json,/home/zhangyz/afd_demo/crosshost_static_ep16_sweep/decode-dbo-crosslayer_ep16_broadcast_reduce_overlap_b16_s256_t20/timing_ffn_coordinator_xhost_static_decode-dbo-crosslayer_ep16_broadcast_reduce_overlap_b16_s256_t20.json
serial,16,broadcast_reduce_overlap,npu-official,True,True,2,16,256,20,248.15355552556483,248.15355552556483,1.0,5780.626026913524,0.0,0.0,0.0,0.0,0.0,0.0,0.0,0.0,0.0,0.0,0.0,0.0,/home/zhangyz/afd_demo/crosshost_static_ep16_sweep/serial_ep16_broadcast_reduce_overlap_b16_s256_t20/timing_attention_xhost_static_serial_ep16_broadcast_reduce_overlap_b16_s256_t20.json,/home/zhangyz/afd_demo/crosshost_static_ep16_sweep/serial_ep16_broadcast_reduce_overlap_b16_s256_t20/timing_ffn_coordinator_xhost_static_serial_ep16_broadcast_reduce_overlap_b16_s256_t20.json
decode-dbo,16,broadcast_reduce_overlap,npu-official,True,True,2,16,128,20,315.2965274149258,243.7265294628512,0.7730073383970719,4424.058058066294,0.8860083564402575,1.0216000063860036,0.07311343165867507,0.06234875206459076,1.4224046707509996,0.11763147801715643,1.2641260227029945,0.9039685283688471,0.7213595759202825,41.6423927526921,48.01520030014217,0.3067855879496518,/home/zhangyz/afd_demo/crosshost_static_ep16_sweep/decode-dbo_ep16_broadcast_reduce_overlap_b16_s128_t20/timing_attention_xhost_static_decode-dbo_ep16_broadcast_reduce_overlap_b16_s128_t20.json,/home/zhangyz/afd_demo/crosshost_static_ep16_sweep/decode-dbo_ep16_broadcast_reduce_overlap_b16_s128_t20/timing_ffn_coordinator_xhost_static_decode-dbo_ep16_broadcast_reduce_overlap_b16_s128_t20.json
decode-dbo-crosslayer,16,broadcast_reduce_overlap,npu-official,True,True,2,16,128,20,333.7450638952616,243.7265294628512,0.7302775556235322,4428.213668987155,0.9016571120616603,1.3615633757349024,0.07677256833127838,0.08152220200033898,1.8355088912822464,0.13072578920091085,1.5819502271156995,1.2308375865339916,0.9248902094847662,42.377884266898036,63.993478659540415,0.3321915769030144,/home/zhangyz/afd_demo/crosshost_static_ep16_sweep/decode-dbo-crosslayer_ep16_broadcast_reduce_overlap_b16_s128_t20/timing_attention_xhost_static_decode-dbo-crosslayer_ep16_broadcast_reduce_overlap_b16_s128_t20.json,/home/zhangyz/afd_demo/crosshost_static_ep16_sweep/decode-dbo-crosslayer_ep16_broadcast_reduce_overlap_b16_s128_t20/timing_ffn_coordinator_xhost_static_decode-dbo-crosslayer_ep16_broadcast_reduce_overlap_b16_s128_t20.json
serial,16,broadcast_reduce_overlap,npu-official,True,True,2,16,128,20,243.7265294628512,243.7265294628512,1.0,4307.307749055326,0.0,0.0,0.0,0.0,0.0,0.0,0.0,0.0,0.0,0.0,0.0,0.0,/home/zhangyz/afd_demo/crosshost_static_ep16_sweep/serial_ep16_broadcast_reduce_overlap_b16_s128_t20/timing_attention_xhost_static_serial_ep16_broadcast_reduce_overlap_b16_s128_t20.json,/home/zhangyz/afd_demo/crosshost_static_ep16_sweep/serial_ep16_broadcast_reduce_overlap_b16_s128_t20/timing_ffn_coordinator_xhost_static_serial_ep16_broadcast_reduce_overlap_b16_s128_t20.json
decode-dbo,16,broadcast_reduce_overlap,npu-official,True,True,2,8,1024,20,273.13625863998345,216.76109411361577,0.7936005830676809,97197.15077197179,0.9343148645092832,0.8736482989835612,0.07749632238707643,0.06060228692962134,1.3185535418860457,0.1151677681767243,1.2144311083520347,0.758480530806837,0.6406143941777818,43.91279863193631,41.06147005222738,0.2988357180058814,/home/zhangyz/afd_demo/crosshost_static_ep16_sweep/decode-dbo_ep16_broadcast_reduce_overlap_b8_s1024_t20/timing_attention_xhost_static_decode-dbo_ep16_broadcast_reduce_overlap_b8_s1024_t20.json,/home/zhangyz/afd_demo/crosshost_static_ep16_sweep/decode-dbo_ep16_broadcast_reduce_overlap_b8_s1024_t20/timing_ffn_coordinator_xhost_static_decode-dbo_ep16_broadcast_reduce_overlap_b8_s1024_t20.json
decode-dbo-crosslayer,16,broadcast_reduce_overlap,npu-official,True,True,2,8,1024,20,279.73641663495647,216.76109411361577,0.7748762092583724,6631.673414958641,0.865100996885845,1.1647709873207706,0.0714072660404317,0.0935851898480286,1.738677477523526,0.1806497767052435,1.583547063885217,0.9841212106155272,0.858429153053526,40.659746853634715,54.74423640407622,0.3090767413693501,/home/zhangyz/afd_demo/crosshost_static_ep16_sweep/decode-dbo-crosslayer_ep16_broadcast_reduce_overlap_b8_s1024_t20/timing_attention_xhost_static_decode-dbo-crosslayer_ep16_broadcast_reduce_overlap_b8_s1024_t20.json,/home/zhangyz/afd_demo/crosshost_static_ep16_sweep/decode-dbo-crosslayer_ep16_broadcast_reduce_overlap_b8_s1024_t20/timing_ffn_coordinator_xhost_static_decode-dbo-crosslayer_ep16_broadcast_reduce_overlap_b8_s1024_t20.json
serial,16,broadcast_reduce_overlap,npu-official,True,True,2,8,1024,20,216.76109411361577,216.76109411361577,1.0,7031.699685845524,0.0,0.0,0.0,0.0,0.0,0.0,0.0,0.0,0.0,0.0,0.0,0.0,/home/zhangyz/afd_demo/crosshost_static_ep16_sweep/serial_ep16_broadcast_reduce_overlap_b8_s1024_t20/timing_attention_xhost_static_serial_ep16_broadcast_reduce_overlap_b8_s1024_t20.json,/home/zhangyz/afd_demo/crosshost_static_ep16_sweep/serial_ep16_broadcast_reduce_overlap_b8_s1024_t20/timing_ffn_coordinator_xhost_static_serial_ep16_broadcast_reduce_overlap_b8_s1024_t20.json
decode-dbo,16,broadcast_reduce_overlap,npu-official,True,True,2,8,512,20,269.59248536609505,212.23331009969115,0.7872374847966827,5737.309548072517,0.9182184771139253,0.8539233772837101,0.07362666965878391,0.06333188193434096,1.2383358082436817,0.11679261397728895,1.2206966428958037,0.7371307633064211,0.617435491802369,43.156268424354494,40.134398732334375,0.3050075702300025,/home/zhangyz/afd_demo/crosshost_static_ep16_sweep/decode-dbo_ep16_broadcast_reduce_overlap_b8_s512_t20/timing_attention_xhost_static_decode-dbo_ep16_broadcast_reduce_overlap_b8_s512_t20.json,/home/zhangyz/afd_demo/crosshost_static_ep16_sweep/decode-dbo_ep16_broadcast_reduce_overlap_b8_s512_t20/timing_ffn_coordinator_xhost_static_decode-dbo_ep16_broadcast_reduce_overlap_b8_s512_t20.json
decode-dbo-crosslayer,16,broadcast_reduce_overlap,npu-official,True,True,2,8,512,20,275.62443299317044,212.23331009969115,0.7700090583223076,5689.88234992139,0.8913925452593793,1.0273761655937166,0.07719847750156483,0.068894253072745,1.5304682285901396,0.12788888156176248,1.3902631930095402,0.8994872840319542,0.6806496456463603,41.89544962719083,48.286679782904685,0.29785607183006463,/home/zhangyz/afd_demo/crosshost_static_ep16_sweep/decode-dbo-crosslayer_ep16_broadcast_reduce_overlap_b8_s512_t20/timing_attention_xhost_static_decode-dbo-crosslayer_ep16_broadcast_reduce_overlap_b8_s512_t20.json,/home/zhangyz/afd_demo/crosshost_static_ep16_sweep/decode-dbo-crosslayer_ep16_broadcast_reduce_overlap_b8_s512_t20/timing_ffn_coordinator_xhost_static_decode-dbo-crosslayer_ep16_broadcast_reduce_overlap_b8_s512_t20.json
serial,16,broadcast_reduce_overlap,npu-official,True,True,2,8,512,20,212.23331009969115,212.23331009969115,1.0,5749.180714832619,0.0,0.0,0.0,0.0,0.0,0.0,0.0,0.0,0.0,0.0,0.0,0.0,/home/zhangyz/afd_demo/crosshost_static_ep16_sweep/serial_ep16_broadcast_reduce_overlap_b8_s512_t20/timing_attention_xhost_static_serial_ep16_broadcast_reduce_overlap_b8_s512_t20.json,/home/zhangyz/afd_demo/crosshost_static_ep16_sweep/serial_ep16_broadcast_reduce_overlap_b8_s512_t20/timing_ffn_coordinator_xhost_static_serial_ep16_broadcast_reduce_overlap_b8_s512_t20.json
decode-dbo,16,broadcast_reduce_overlap,npu-official,True,True,2,8,256,20,279.9059273675084,223.41695747730373,0.7981858747277034,4368.102573091164,0.9073832622194227,1.043327977543974,0.0860725648384145,0.07808944359025423,1.435539370620663,0.1380233406188323,1.427621449383491,0.9053046369251418,0.6585539853636254,42.647013324312866,49.036414944566786,0.3081071360591479,/home/zhangyz/afd_demo/crosshost_static_ep16_sweep/decode-dbo_ep16_broadcast_reduce_overlap_b8_s256_t20/timing_attention_xhost_static_decode-dbo_ep16_broadcast_reduce_overlap_b8_s256_t20.json,/home/zhangyz/afd_demo/crosshost_static_ep16_sweep/decode-dbo_ep16_broadcast_reduce_overlap_b8_s256_t20/timing_ffn_coordinator_xhost_static_decode-dbo_ep16_broadcast_reduce_overlap_b8_s256_t20.json
decode-dbo-crosslayer,16,broadcast_reduce_overlap,npu-official,True,True,2,8,256,20,276.05856021278,223.41695747730373,0.8093100148935746,4431.910288054496,1.0186252208981426,1.0445543559902208,0.08575296762617345,0.06749448515078489,1.4817511434964044,0.12113458100468555,1.454379558166925,0.9234197749855354,0.7712095034645593,47.8753853822127,49.09405473154038,0.294661430189204,/home/zhangyz/afd_demo/crosshost_static_ep16_sweep/decode-dbo-crosslayer_ep16_broadcast_reduce_overlap_b8_s256_t20/timing_attention_xhost_static_decode-dbo-crosslayer_ep16_broadcast_reduce_overlap_b8_s256_t20.json,/home/zhangyz/afd_demo/crosshost_static_ep16_sweep/decode-dbo-crosslayer_ep16_broadcast_reduce_overlap_b8_s256_t20/timing_ffn_coordinator_xhost_static_decode-dbo-crosslayer_ep16_broadcast_reduce_overlap_b8_s256_t20.json
serial,16,broadcast_reduce_overlap,npu-official,True,True,2,8,256,20,223.41695747730373,223.41695747730373,1.0,4447.801562026143,0.0,0.0,0.0,0.0,0.0,0.0,0.0,0.0,0.0,0.0,0.0,0.0,/home/zhangyz/afd_demo/crosshost_static_ep16_sweep/serial_ep16_broadcast_reduce_overlap_b8_s256_t20/timing_attention_xhost_static_serial_ep16_broadcast_reduce_overlap_b8_s256_t20.json,/home/zhangyz/afd_demo/crosshost_static_ep16_sweep/serial_ep16_broadcast_reduce_overlap_b8_s256_t20/timing_ffn_coordinator_xhost_static_serial_ep16_broadcast_reduce_overlap_b8_s256_t20.json
decode-dbo,16,broadcast_reduce_overlap,npu-official,True,True,2,8,128,20,270.01022646742825,208.57849305397585,0.7724836787955399,4303.63643495366,1.022066101134616,0.9569604905877025,0.09407680432133853,0.07477099264159481,1.3393837700974434,0.14858532875300723,1.2896936114362263,0.8083751618346953,0.7608280160484162,48.03710675332695,44.977143057622015,0.3079987071201561,/home/zhangyz/afd_demo/crosshost_static_ep16_sweep/decode-dbo_ep16_broadcast_reduce_overlap_b8_s128_t20/timing_attention_xhost_static_decode-dbo_ep16_broadcast_reduce_overlap_b8_s128_t20.json,/home/zhangyz/afd_demo/crosshost_static_ep16_sweep/decode-dbo_ep16_broadcast_reduce_overlap_b8_s128_t20/timing_ffn_coordinator_xhost_static_decode-dbo_ep16_broadcast_reduce_overlap_b8_s128_t20.json
decode-dbo-crosslayer,16,broadcast_reduce_overlap,npu-official,True,True,2,8,128,20,277.52817521410947,208.57849305397585,0.7515579017988361,4382.66218197532,0.9989093473934113,1.0394611782295273,0.08840923088582907,0.06713969583444773,1.4137787883110502,0.12398919615736033,1.4397322616361556,0.915471982072167,0.716679945013466,46.94873932749033,48.85467537678778,0.30110550955427295,/home/zhangyz/afd_demo/crosshost_static_ep16_sweep/decode-dbo-crosslayer_ep16_broadcast_reduce_overlap_b8_s128_t20/timing_attention_xhost_static_decode-dbo-crosslayer_ep16_broadcast_reduce_overlap_b8_s128_t20.json,/home/zhangyz/afd_demo/crosshost_static_ep16_sweep/decode-dbo-crosslayer_ep16_broadcast_reduce_overlap_b8_s128_t20/timing_ffn_coordinator_xhost_static_decode-dbo-crosslayer_ep16_broadcast_reduce_overlap_b8_s128_t20.json
serial,16,broadcast_reduce_overlap,npu-official,True,True,2,8,128,20,208.57849305397585,208.57849305397585,1.0,4929.932857165113,0.0,0.0,0.0,0.0,0.0,0.0,0.0,0.0,0.0,0.0,0.0,0.0,/home/zhangyz/afd_demo/crosshost_static_ep16_sweep/serial_ep16_broadcast_reduce_overlap_b8_s128_t20/timing_attention_xhost_static_serial_ep16_broadcast_reduce_overlap_b8_s128_t20.json,/home/zhangyz/afd_demo/crosshost_static_ep16_sweep/serial_ep16_broadcast_reduce_overlap_b8_s128_t20/timing_ffn_coordinator_xhost_static_serial_ep16_broadcast_reduce_overlap_b8_s128_t20.json
decode-dbo,16,broadcast_reduce_overlap,npu-official,True,True,2,4,1024,20,242.38326341698044,195.87285836276254,0.8081121427340285,6136.266858084127,0.8714434423265939,0.7168020225783929,0.07581369247921604,0.06497695923168609,1.1238817427743306,0.11764309230319997,1.1022153280754672,0.599158930275193,0.5621462292533289,40.957841789349914,33.689695061184466,0.3213136315505868,/home/zhangyz/afd_demo/crosshost_static_ep16_sweep/decode-dbo_ep16_broadcast_reduce_overlap_b4_s1024_t20/timing_attention_xhost_static_decode-dbo_ep16_broadcast_reduce_overlap_b4_s1024_t20.json,/home/zhangyz/afd_demo/crosshost_static_ep16_sweep/decode-dbo_ep16_broadcast_reduce_overlap_b4_s1024_t20/timing_ffn_coordinator_xhost_static_decode-dbo_ep16_broadcast_reduce_overlap_b4_s1024_t20.json
decode-dbo-crosslayer,16,broadcast_reduce_overlap,npu-official,True,True,2,4,1024,20,252.66613525730608,195.87285836276254,0.7752240250292849,5835.354462033138,1.0119634308911702,0.814241726209033,0.08800049173705121,0.06677029763368215,1.2037270613252482,0.11902718378746129,1.3520058883512591,0.6952145424215718,0.5794020959156307,47.562281251885,38.26936113182455,0.3339888017089213,/home/zhangyz/afd_demo/crosshost_static_ep16_sweep/decode-dbo-crosslayer_ep16_broadcast_reduce_overlap_b4_s1024_t20/timing_attention_xhost_static_decode-dbo-crosslayer_ep16_broadcast_reduce_overlap_b4_s1024_t20.json,/home/zhangyz/afd_demo/crosshost_static_ep16_sweep/decode-dbo-crosslayer_ep16_broadcast_reduce_overlap_b4_s1024_t20/timing_ffn_coordinator_xhost_static_decode-dbo-crosslayer_ep16_broadcast_reduce_overlap_b4_s1024_t20.json
serial,16,broadcast_reduce_overlap,npu-official,True,True,2,4,1024,20,195.87285836276254,195.87285836276254,1.0,6011.3320578821,0.0,0.0,0.0,0.0,0.0,0.0,0.0,0.0,0.0,0.0,0.0,0.0,/home/zhangyz/afd_demo/crosshost_static_ep16_sweep/serial_ep16_broadcast_reduce_overlap_b4_s1024_t20/timing_attention_xhost_static_serial_ep16_broadcast_reduce_overlap_b4_s1024_t20.json,/home/zhangyz/afd_demo/crosshost_static_ep16_sweep/serial_ep16_broadcast_reduce_overlap_b4_s1024_t20/timing_ffn_coordinator_xhost_static_serial_ep16_broadcast_reduce_overlap_b4_s1024_t20.json
decode-dbo,16,broadcast_reduce_overlap,npu-official,True,True,2,4,512,20,249.3045422689695,194.7946050571964,0.7813520094111905,4570.629017893225,0.8731281949563864,0.8484532665263148,0.07320474585557872,0.06667675916105509,1.2529168347332706,0.12551769465604362,1.2311395307249846,0.7229355718702712,0.609803553472491,41.03702516295016,39.877303526736796,0.29353797111504226,/home/zhangyz/afd_demo/crosshost_static_ep16_sweep/decode-dbo_ep16_broadcast_reduce_overlap_b4_s512_t20/timing_attention_xhost_static_decode-dbo_ep16_broadcast_reduce_overlap_b4_s512_t20.json,/home/zhangyz/afd_demo/crosshost_static_ep16_sweep/decode-dbo_ep16_broadcast_reduce_overlap_b4_s512_t20/timing_ffn_coordinator_xhost_static_decode-dbo_ep16_broadcast_reduce_overlap_b4_s512_t20.json
decode-dbo-crosslayer,16,broadcast_reduce_overlap,npu-official,True,True,2,4,512,20,247.31627047846192,194.7946050571964,0.7876336024328029,4449.629979906604,0.868330694774681,0.8211514065438446,0.07254412605803698,0.0685482469209014,1.2384391627571685,0.1188309149856263,1.2879902893241415,0.7023204915582183,0.5692233395901449,40.811542654410005,38.594116107560694,0.29656900457970525,/home/zhangyz/afd_demo/crosshost_static_ep16_sweep/decode-dbo-crosslayer_ep16_broadcast_reduce_overlap_b4_s512_t20/timing_attention_xhost_static_decode-dbo-crosslayer_ep16_broadcast_reduce_overlap_b4_s512_t20.json,/home/zhangyz/afd_demo/crosshost_static_ep16_sweep/decode-dbo-crosslayer_ep16_broadcast_reduce_overlap_b4_s512_t20/timing_ffn_coordinator_xhost_static_decode-dbo-crosslayer_ep16_broadcast_reduce_overlap_b4_s512_t20.json
serial,16,broadcast_reduce_overlap,npu-official,True,True,2,4,512,20,194.7946050571964,194.7946050571964,1.0,4432.757472153753,0.0,0.0,0.0,0.0,0.0,0.0,0.0,0.0,0.0,0.0,0.0,0.0,/home/zhangyz/afd_demo/crosshost_static_ep16_sweep/serial_ep16_broadcast_reduce_overlap_b4_s512_t20/timing_attention_xhost_static_serial_ep16_broadcast_reduce_overlap_b4_s512_t20.json,/home/zhangyz/afd_demo/crosshost_static_ep16_sweep/serial_ep16_broadcast_reduce_overlap_b4_s512_t20/timing_ffn_coordinator_xhost_static_serial_ep16_broadcast_reduce_overlap_b4_s512_t20.json
decode-dbo,16,broadcast_reduce_overlap,npu-official,True,True,2,4,256,20,240.30504309523263,185.71963147750418,0.772849496146045,4327.3494460154325,0.8759022011679221,0.7621706636781072,0.07377078439644043,0.06871735627584635,1.18252794020512,0.12600628480790776,1.1829815314527838,0.6361643788701994,0.5863618472234365,41.16740345489234,35.822021192871034,0.3105374569841117,/home/zhangyz/afd_demo/crosshost_static_ep16_sweep/decode-dbo_ep16_broadcast_reduce_overlap_b4_s256_t20/timing_attention_xhost_static_decode-dbo_ep16_broadcast_reduce_overlap_b4_s256_t20.json,/home/zhangyz/afd_demo/crosshost_static_ep16_sweep/decode-dbo_ep16_broadcast_reduce_overlap_b4_s256_t20/timing_ffn_coordinator_xhost_static_decode-dbo_ep16_broadcast_reduce_overlap_b4_s256_t20.json
decode-dbo-crosslayer,16,broadcast_reduce_overlap,npu-official,True,True,2,4,256,20,232.85260878650374,185.71963147750418,0.7975844996771563,4463.4969108738005,0.917609285642492,0.6270549468141287,0.08371774543156014,0.06408002623852263,1.1106876463213182,0.11748669946447332,1.0916197726978583,0.5095682473496553,0.58293830543915,43.127636425197124,29.47158250026405,0.34556975027535686,/home/zhangyz/afd_demo/crosshost_static_ep16_sweep/decode-dbo-crosslayer_ep16_broadcast_reduce_overlap_b4_s256_t20/timing_attention_xhost_static_decode-dbo-crosslayer_ep16_broadcast_reduce_overlap_b4_s256_t20.json,/home/zhangyz/afd_demo/crosshost_static_ep16_sweep/decode-dbo-crosslayer_ep16_broadcast_reduce_overlap_b4_s256_t20/timing_ffn_coordinator_xhost_static_decode-dbo-crosslayer_ep16_broadcast_reduce_overlap_b4_s256_t20.json
serial,16,broadcast_reduce_overlap,npu-official,True,True,2,4,256,20,185.71963147750418,185.71963147750418,1.0,4371.388780884445,0.0,0.0,0.0,0.0,0.0,0.0,0.0,0.0,0.0,0.0,0.0,0.0,/home/zhangyz/afd_demo/crosshost_static_ep16_sweep/serial_ep16_broadcast_reduce_overlap_b4_s256_t20/timing_attention_xhost_static_serial_ep16_broadcast_reduce_overlap_b4_s256_t20.json,/home/zhangyz/afd_demo/crosshost_static_ep16_sweep/serial_ep16_broadcast_reduce_overlap_b4_s256_t20/timing_ffn_coordinator_xhost_static_serial_ep16_broadcast_reduce_overlap_b4_s256_t20.json
decode-dbo,16,broadcast_reduce_overlap,npu-official,True,True,2,4,128,20,242.54929363776586,186.6070143633375,0.7693570719773973,4297.312704147771,0.9990362351403591,0.7625861128078814,0.08668918707507088,0.07071895921166907,1.1458234128324276,0.13198742415121895,1.2492545226469953,0.6305986886566624,0.5800968873255113,46.95470305159688,35.84154730197042,0.34361302577562497,/home/zhangyz/afd_demo/crosshost_static_ep16_sweep/decode-dbo_ep16_broadcast_reduce_overlap_b4_s128_t20/timing_attention_xhost_static_decode-dbo_ep16_broadcast_reduce_overlap_b4_s128_t20.json,/home/zhangyz/afd_demo/crosshost_static_ep16_sweep/decode-dbo_ep16_broadcast_reduce_overlap_b4_s128_t20/timing_ffn_coordinator_xhost_static_decode-dbo_ep16_broadcast_reduce_overlap_b4_s128_t20.json
decode-dbo-crosslayer,16,broadcast_reduce_overlap,npu-official,True,True,2,4,128,20,241.0095368977636,186.6070143633375,0.7742723245117736,4310.067393118516,0.9521410151563109,0.8807815016901239,0.0789776479112024,0.06899127905118338,1.273018454122258,0.12393033954295073,1.2938245447312897,0.7568511621471732,0.6781221055326626,44.75062771234661,41.396730579435825,0.30655476844408713,/home/zhangyz/afd_demo/crosshost_static_ep16_sweep/decode-dbo-crosslayer_ep16_broadcast_reduce_overlap_b4_s128_t20/timing_attention_xhost_static_decode-dbo-crosslayer_ep16_broadcast_reduce_overlap_b4_s128_t20.json,/home/zhangyz/afd_demo/crosshost_static_ep16_sweep/decode-dbo-crosslayer_ep16_broadcast_reduce_overlap_b4_s128_t20/timing_ffn_coordinator_xhost_static_decode-dbo-crosslayer_ep16_broadcast_reduce_overlap_b4_s128_t20.json
serial,16,broadcast_reduce_overlap,npu-official,True,True,2,4,128,20,186.6070143633375,186.6070143633375,1.0,4436.847981065512,0.0,0.0,0.0,0.0,0.0,0.0,0.0,0.0,0.0,0.0,0.0,0.0,/home/zhangyz/afd_demo/crosshost_static_ep16_sweep/serial_ep16_broadcast_reduce_overlap_b4_s128_t20/timing_attention_xhost_static_serial_ep16_broadcast_reduce_overlap_b4_s128_t20.json,/home/zhangyz/afd_demo/crosshost_static_ep16_sweep/serial_ep16_broadcast_reduce_overlap_b4_s128_t20/timing_ffn_coordinator_xhost_static_serial_ep16_broadcast_reduce_overlap_b4_s128_t20.json
decode-dbo,16,broadcast_reduce_overlap,npu-official,True,True,2,2,1024,20,230.06933373644165,177.06342010856852,0.7696089575823495,4399.130950914696,1.0037046703609063,0.5896488140198461,0.08398215930433349,0.07016449532610305,0.9630065005114103,0.12432529214531818,1.1956285923085315,0.46532352187452797,0.5054829092300002,47.1741195069626,27.71349425893277,0.39263041054182607,/home/zhangyz/afd_demo/crosshost_static_ep16_sweep/decode-dbo_ep16_broadcast_reduce_overlap_b2_s1024_t20/timing_attention_xhost_static_decode-dbo_ep16_broadcast_reduce_overlap_b2_s1024_t20.json,/home/zhangyz/afd_demo/crosshost_static_ep16_sweep/decode-dbo_ep16_broadcast_reduce_overlap_b2_s1024_t20/timing_ffn_coordinator_xhost_static_decode-dbo_ep16_broadcast_reduce_overlap_b2_s1024_t20.json
decode-dbo-crosslayer,16,broadcast_reduce_overlap,npu-official,True,True,2,2,1024,20,231.6437426366304,177.06342010856852,0.764378170086469,4399.908089078963,0.9120627098340304,0.7165329025543117,0.07789486900289008,0.06879229554312026,1.194058523632269,0.12727486256985587,1.2101757939548252,0.5892580399844558,0.5752404710832746,42.866947362199426,33.67704642005265,0.3231223755666573,/home/zhangyz/afd_demo/crosshost_static_ep16_sweep/decode-dbo-crosslayer_ep16_broadcast_reduce_overlap_b2_s1024_t20/timing_attention_xhost_static_decode-dbo-crosslayer_ep16_broadcast_reduce_overlap_b2_s1024_t20.json,/home/zhangyz/afd_demo/crosshost_static_ep16_sweep/decode-dbo-crosslayer_ep16_broadcast_reduce_overlap_b2_s1024_t20/timing_ffn_coordinator_xhost_static_decode-dbo-crosslayer_ep16_broadcast_reduce_overlap_b2_s1024_t20.json
serial,16,broadcast_reduce_overlap,npu-official,True,True,2,2,1024,20,177.06342010856852,177.06342010856852,1.0,4382.567174034193,0.0,0.0,0.0,0.0,0.0,0.0,0.0,0.0,0.0,0.0,0.0,0.0,/home/zhangyz/afd_demo/crosshost_static_ep16_sweep/serial_ep16_broadcast_reduce_overlap_b2_s1024_t20/timing_attention_xhost_static_serial_ep16_broadcast_reduce_overlap_b2_s1024_t20.json,/home/zhangyz/afd_demo/crosshost_static_ep16_sweep/serial_ep16_broadcast_reduce_overlap_b2_s1024_t20/timing_ffn_coordinator_xhost_static_serial_ep16_broadcast_reduce_overlap_b2_s1024_t20.json
decode-dbo,16,broadcast_reduce_overlap,npu-official,True,True,2,2,512,20,213.66877763188984,173.46213673437504,0.8118272527080063,4321.981698973104,0.9557611502191805,0.6599501419336872,0.08091342665175809,0.0646326448173916,1.0115376207977533,0.11879039997670879,1.1237452098941232,0.5411597419569784,0.5377321008672106,44.92077406030148,31.017656670883298,0.3637878183174431,/home/zhangyz/afd_demo/crosshost_static_ep16_sweep/decode-dbo_ep16_broadcast_reduce_overlap_b2_s512_t20/timing_attention_xhost_static_decode-dbo_ep16_broadcast_reduce_overlap_b2_s512_t20.json,/home/zhangyz/afd_demo/crosshost_static_ep16_sweep/decode-dbo_ep16_broadcast_reduce_overlap_b2_s512_t20/timing_ffn_coordinator_xhost_static_decode-dbo_ep16_broadcast_reduce_overlap_b2_s512_t20.json
decode-dbo-crosslayer,16,broadcast_reduce_overlap,npu-official,True,True,2,2,512,20,220.50823331320365,173.46213673437504,0.7866469842329847,4357.078291941434,0.8849462945053869,0.810050519500324,0.07272336354598086,0.08230145396466584,1.293830452189642,0.13923932342453205,1.2989479582756758,0.670811196075792,0.7112725845914571,41.592475841753185,38.07237441651523,0.296084790350526,/home/zhangyz/afd_demo/crosshost_static_ep16_sweep/decode-dbo-crosslayer_ep16_broadcast_reduce_overlap_b2_s512_t20/timing_attention_xhost_static_decode-dbo-crosslayer_ep16_broadcast_reduce_overlap_b2_s512_t20.json,/home/zhangyz/afd_demo/crosshost_static_ep16_sweep/decode-dbo-crosslayer_ep16_broadcast_reduce_overlap_b2_s512_t20/timing_ffn_coordinator_xhost_static_decode-dbo-crosslayer_ep16_broadcast_reduce_overlap_b2_s512_t20.json
serial,16,broadcast_reduce_overlap,npu-official,True,True,2,2,512,20,173.46213673437504,173.46213673437504,1.0,4363.450090168044,0.0,0.0,0.0,0.0,0.0,0.0,0.0,0.0,0.0,0.0,0.0,0.0,/home/zhangyz/afd_demo/crosshost_static_ep16_sweep/serial_ep16_broadcast_reduce_overlap_b2_s512_t20/timing_attention_xhost_static_serial_ep16_broadcast_reduce_overlap_b2_s512_t20.json,/home/zhangyz/afd_demo/crosshost_static_ep16_sweep/serial_ep16_broadcast_reduce_overlap_b2_s512_t20/timing_ffn_coordinator_xhost_static_serial_ep16_broadcast_reduce_overlap_b2_s512_t20.json
decode-dbo,16,broadcast_reduce_overlap,npu-official,True,True,2,2,256,20,215.45450489870026,169.5999454731416,0.7871728908749529,4710.559216095135,0.9053358040314089,0.6331754972207102,0.07538108323562018,0.07245110278513203,0.9931096772445326,0.1227948789861291,1.155663237094562,0.5103806182345811,0.5014017150004176,42.550782789476216,29.75924836937338,0.3576111162457751,/home/zhangyz/afd_demo/crosshost_static_ep16_sweep/decode-dbo_ep16_broadcast_reduce_overlap_b2_s256_t20/timing_attention_xhost_static_decode-dbo_ep16_broadcast_reduce_overlap_b2_s256_t20.json,/home/zhangyz/afd_demo/crosshost_static_ep16_sweep/decode-dbo_ep16_broadcast_reduce_overlap_b2_s256_t20/timing_ffn_coordinator_xhost_static_decode-dbo_ep16_broadcast_reduce_overlap_b2_s256_t20.json
decode-dbo-crosslayer,16,broadcast_reduce_overlap,npu-official,True,True,2,2,256,20,223.2322228435231,169.5999454731416,0.7597467037365139,4409.060859819874,1.0236243598480175,0.6982957438981914,0.08957960117766832,0.0658088111061048,1.1266410187322726,0.1260876343486474,1.2740074815426736,0.5722081095495439,0.569618180731034,48.11034491285682,32.81989996321499,0.35934786575946115,/home/zhangyz/afd_demo/crosshost_static_ep16_sweep/decode-dbo-crosslayer_ep16_broadcast_reduce_overlap_b2_s256_t20/timing_attention_xhost_static_decode-dbo-crosslayer_ep16_broadcast_reduce_overlap_b2_s256_t20.json,/home/zhangyz/afd_demo/crosshost_static_ep16_sweep/decode-dbo-crosslayer_ep16_broadcast_reduce_overlap_b2_s256_t20/timing_ffn_coordinator_xhost_static_decode-dbo-crosslayer_ep16_broadcast_reduce_overlap_b2_s256_t20.json
serial,16,broadcast_reduce_overlap,npu-official,True,True,2,2,256,20,169.5999454731416,169.5999454731416,1.0,4304.714045021683,0.0,0.0,0.0,0.0,0.0,0.0,0.0,0.0,0.0,0.0,0.0,0.0,/home/zhangyz/afd_demo/crosshost_static_ep16_sweep/serial_ep16_broadcast_reduce_overlap_b2_s256_t20/timing_attention_xhost_static_serial_ep16_broadcast_reduce_overlap_b2_s256_t20.json,/home/zhangyz/afd_demo/crosshost_static_ep16_sweep/serial_ep16_broadcast_reduce_overlap_b2_s256_t20/timing_ffn_coordinator_xhost_static_serial_ep16_broadcast_reduce_overlap_b2_s256_t20.json
decode-dbo,16,broadcast_reduce_overlap,npu-official,True,True,2,2,128,20,223.60343879431878,171.43697873689234,0.7667009937829639,4489.564700052142,0.9332325240161191,0.8224356012973697,0.07589636717308709,0.07701917313673395,1.1889029051514064,0.13658949520755956,1.1946030823077927,0.6858461060898101,0.671084259359285,43.861928628757596,38.654473260976374,0.31693326951898265,/home/zhangyz/afd_demo/crosshost_static_ep16_sweep/decode-dbo_ep16_broadcast_reduce_overlap_b2_s128_t20/timing_attention_xhost_static_decode-dbo_ep16_broadcast_reduce_overlap_b2_s128_t20.json,/home/zhangyz/afd_demo/crosshost_static_ep16_sweep/decode-dbo_ep16_broadcast_reduce_overlap_b2_s128_t20/timing_ffn_coordinator_xhost_static_decode-dbo_ep16_broadcast_reduce_overlap_b2_s128_t20.json
decode-dbo-crosslayer,16,broadcast_reduce_overlap,npu-official,True,True,2,2,128,20,219.89492426234247,171.43697873689234,0.7796313594413027,4244.668003171682,1.059015464790641,0.7169691206728841,0.09127204464946656,0.07262789059747407,1.1182345469739843,0.12938313414045471,1.33498060328767,0.5875859865324294,0.5717722530615457,49.77372684516013,33.697548671625555,0.36590714674003927,/home/zhangyz/afd_demo/crosshost_static_ep16_sweep/decode-dbo-crosslayer_ep16_broadcast_reduce_overlap_b2_s128_t20/timing_attention_xhost_static_decode-dbo-crosslayer_ep16_broadcast_reduce_overlap_b2_s128_t20.json,/home/zhangyz/afd_demo/crosshost_static_ep16_sweep/decode-dbo-crosslayer_ep16_broadcast_reduce_overlap_b2_s128_t20/timing_ffn_coordinator_xhost_static_decode-dbo-crosslayer_ep16_broadcast_reduce_overlap_b2_s128_t20.json
serial,16,broadcast_reduce_overlap,npu-official,True,True,2,2,128,20,171.43697873689234,171.43697873689234,1.0,4276.63848688826,0.0,0.0,0.0,0.0,0.0,0.0,0.0,0.0,0.0,0.0,0.0,0.0,/home/zhangyz/afd_demo/crosshost_static_ep16_sweep/serial_ep16_broadcast_reduce_overlap_b2_s128_t20/timing_attention_xhost_static_serial_ep16_broadcast_reduce_overlap_b2_s128_t20.json,/home/zhangyz/afd_demo/crosshost_static_ep16_sweep/serial_ep16_broadcast_reduce_overlap_b2_s128_t20/timing_ffn_coordinator_xhost_static_serial_ep16_broadcast_reduce_overlap_b2_s128_t20.json
