mode,batch,seq,tokens,status,decode_tpot_ms,h1_hbm_usage_rate_samples,h1_hbm_usage_rate_mean,h1_hbm_usage_rate_p95,h1_hbm_usage_rate_max,h1_hbm_usage_rate_nonzero_mean,h1_aicore_usage_rate_samples,h1_aicore_usage_rate_mean,h1_aicore_usage_rate_p95,h1_aicore_usage_rate_max,h1_aicore_usage_rate_nonzero_mean,h1_aivector_usage_rate_samples,h1_aivector_usage_rate_mean,h1_aivector_usage_rate_p95,h1_aivector_usage_rate_max,h1_aivector_usage_rate_nonzero_mean,h1_aicpu_usage_rate_samples,h1_aicpu_usage_rate_mean,h1_aicpu_usage_rate_p95,h1_aicpu_usage_rate_max,h1_aicpu_usage_rate_nonzero_mean,h1_ctrlcpu_usage_rate_samples,h1_ctrlcpu_usage_rate_mean,h1_ctrlcpu_usage_rate_p95,h1_ctrlcpu_usage_rate_max,h1_ctrlcpu_usage_rate_nonzero_mean,h1_hbm_bandwidth_usage_rate_samples,h1_hbm_bandwidth_usage_rate_mean,h1_hbm_bandwidth_usage_rate_p95,h1_hbm_bandwidth_usage_rate_max,h1_hbm_bandwidth_usage_rate_nonzero_mean,h1_npu_utilization_samples,h1_npu_utilization_mean,h1_npu_utilization_p95,h1_npu_utilization_max,h1_npu_utilization_nonzero_mean,h1_aicube_usage_rate_samples,h1_aicube_usage_rate_mean,h1_aicube_usage_rate_p95,h1_aicube_usage_rate_max,h1_aicube_usage_rate_nonzero_mean,h2_hbm_usage_rate_samples,h2_hbm_usage_rate_mean,h2_hbm_usage_rate_p95,h2_hbm_usage_rate_max,h2_hbm_usage_rate_nonzero_mean,h2_aicore_usage_rate_samples,h2_aicore_usage_rate_mean,h2_aicore_usage_rate_p95,h2_aicore_usage_rate_max,h2_aicore_usage_rate_nonzero_mean,h2_aivector_usage_rate_samples,h2_aivector_usage_rate_mean,h2_aivector_usage_rate_p95,h2_aivector_usage_rate_max,h2_aivector_usage_rate_nonzero_mean,h2_aicpu_usage_rate_samples,h2_aicpu_usage_rate_mean,h2_aicpu_usage_rate_p95,h2_aicpu_usage_rate_max,h2_aicpu_usage_rate_nonzero_mean,h2_ctrlcpu_usage_rate_samples,h2_ctrlcpu_usage_rate_mean,h2_ctrlcpu_usage_rate_p95,h2_ctrlcpu_usage_rate_max,h2_ctrlcpu_usage_rate_nonzero_mean,h2_hbm_bandwidth_usage_rate_samples,h2_hbm_bandwidth_usage_rate_mean,h2_hbm_bandwidth_usage_rate_p95,h2_hbm_bandwidth_usage_rate_max,h2_hbm_bandwidth_usage_rate_nonzero_mean,h2_npu_utilization_samples,h2_npu_utilization_mean,h2_npu_utilization_p95,h2_npu_utilization_max,h2_npu_utilization_nonzero_mean,h2_aicube_usage_rate_samples,h2_aicube_usage_rate_mean,h2_aicube_usage_rate_p95,h2_aicube_usage_rate_max,h2_aicube_usage_rate_nonzero_mean
serial,2,128,20,OK,171.437,109,7.56,9.6,10.0,7.56,109,0.037,0.0,2.0,2.0,109,0.037,0.0,2.0,2.0,109,0.028,0.0,1.0,1.0,109,4.835,11.0,16.0,4.972,109,0.009,0.0,1.0,1.0,109,0.743,0.0,37.0,27.0,109,0.018,0.0,1.0,1.0,234,4.872,10.0,12.0,4.872,234,0.0,0.0,0.0,0.0,234,0.0,0.0,0.0,0.0,234,0.03,0.0,2.0,1.167,234,4.051,12.0,25.0,4.195,234,0.026,0.0,5.0,3.0,234,0.248,0.0,17.0,8.286,234,0.0,0.0,0.0,0.0
decode-dbo,2,128,20,OK,223.603,108,7.583,10.0,11.0,7.583,108,0.13,0.0,7.0,3.5,108,0.083,0.0,5.0,2.25,108,0.046,0.0,2.0,1.25,108,4.852,12.0,21.0,5.038,108,0.0,0.0,0.0,0.0,108,1.278,1.95,41.0,23.0,108,0.028,0.0,2.0,1.5,235,4.847,10.3,12.0,4.847,235,0.021,0.0,1.0,1.0,235,0.009,0.0,1.0,1.0,235,0.043,0.0,2.0,1.25,235,4.268,11.0,26.0,4.58,235,0.004,0.0,1.0,1.0,235,0.421,0.0,20.0,12.375,235,0.0,0.0,0.0,0.0
decode-dbo-crosslayer,2,128,20,OK,219.895,110,7.6,10.0,11.0,7.6,110,0.127,0.0,12.0,7.0,110,0.018,0.0,1.0,1.0,110,0.036,0.0,2.0,1.333,110,5.045,11.0,17.0,5.092,110,0.009,0.0,1.0,1.0,110,0.827,0.0,37.0,22.75,110,0.018,0.0,1.0,1.0,239,4.808,10.1,13.0,4.808,239,0.017,0.0,1.0,1.0,239,0.0,0.0,0.0,0.0,239,0.05,0.0,3.0,1.714,239,4.209,12.1,27.0,4.393,239,0.0,0.0,0.0,0.0,239,0.69,0.0,31.0,20.625,239,0.0,0.0,0.0,0.0
serial,4,128,20,OK,186.607,109,7.505,9.6,10.0,7.505,109,0.037,0.0,2.0,2.0,109,0.018,0.0,1.0,1.0,109,0.018,0.0,1.0,1.0,109,5.037,12.2,19.0,5.083,109,0.018,0.0,1.0,1.0,109,0.743,0.0,37.0,20.25,109,0.0,0.0,0.0,0.0,237,4.966,10.2,12.0,4.966,237,0.008,0.0,1.0,1.0,237,0.013,0.0,2.0,1.5,237,0.025,0.0,1.0,1.0,237,4.536,12.0,29.0,4.634,237,0.008,0.0,1.0,1.0,237,0.561,0.0,41.0,13.3,237,0.0,0.0,0.0,0.0
decode-dbo,4,128,20,OK,242.549,109,7.606,10.0,11.0,7.606,109,0.22,0.0,9.0,6.0,109,0.101,0.0,5.0,2.75,109,0.028,0.0,1.0,1.0,109,5.78,11.6,53.0,5.833,109,0.0,0.0,0.0,0.0,109,0.991,0.0,37.0,27.0,109,0.037,0.0,2.0,1.333,236,4.894,11.0,13.0,4.894,236,0.013,0.0,1.0,1.0,236,0.0,0.0,0.0,0.0,236,0.034,0.0,2.0,1.333,236,4.436,11.0,28.0,4.572,236,0.017,0.0,3.0,2.0,236,0.636,0.0,37.0,16.667,236,0.0,0.0,0.0,0.0
decode-dbo-crosslayer,4,128,20,OK,241.010,111,7.631,10.0,11.0,7.631,111,0.378,0.0,36.0,21.0,111,0.054,0.0,5.0,3.0,111,0.036,0.0,1.0,1.0,111,4.982,10.0,20.0,4.982,111,0.009,0.0,1.0,1.0,111,0.919,0.0,51.0,25.5,111,0.018,0.0,1.0,1.0,240,5.071,10.05,13.0,5.071,240,0.029,0.0,2.0,1.167,240,0.025,0.0,2.0,1.2,240,0.046,0.0,2.0,1.375,240,4.367,11.05,30.0,4.576,240,0.0,0.0,0.0,0.0,240,0.817,0.0,34.0,21.778,240,0.0,0.0,0.0,0.0
serial,8,128,20,OK,208.578,106,7.566,9.75,10.0,7.566,106,0.16,0.0,11.0,5.667,106,0.094,0.0,5.0,3.333,106,0.047,0.0,2.0,1.25,106,4.84,10.5,23.0,5.079,106,0.009,0.0,1.0,1.0,106,0.764,0.0,41.0,27.0,106,0.0,0.0,0.0,0.0,251,4.761,10.0,12.0,4.761,251,0.008,0.0,1.0,1.0,251,0.008,0.0,1.0,1.0,251,0.02,0.0,1.0,1.0,251,4.163,11.5,27.0,4.354,251,0.0,0.0,0.0,0.0,251,0.438,0.0,24.0,12.222,251,0.0,0.0,0.0,0.0
decode-dbo,8,128,20,OK,270.010,112,7.625,10.0,11.0,7.625,112,0.571,0.0,51.0,16.0,112,0.205,0.0,11.0,5.75,112,0.054,0.0,2.0,2.0,112,4.741,10.45,22.0,4.827,112,0.0,0.0,0.0,0.0,112,1.205,2.7,48.0,22.5,112,0.071,0.0,3.0,2.0,240,5.112,10.05,13.0,5.112,240,0.025,0.0,2.0,2.0,240,0.021,0.0,2.0,1.25,240,0.058,0.0,2.0,1.556,240,4.662,12.0,32.0,4.782,240,0.0,0.0,0.0,0.0,240,0.787,0.0,41.0,21.0,240,0.0,0.0,0.0,0.0
decode-dbo-crosslayer,8,128,20,OK,277.528,109,7.56,10.0,11.0,7.56,109,0.853,0.0,54.0,23.25,109,0.147,0.0,7.0,4.0,109,0.064,0.0,2.0,1.75,109,4.872,10.0,16.0,4.917,109,0.0,0.0,0.0,0.0,109,1.56,6.0,44.0,28.333,109,0.083,0.0,4.0,2.25,237,4.92,11.0,13.0,4.92,237,0.038,0.0,2.0,1.286,237,0.021,0.0,2.0,1.25,237,0.038,0.0,2.0,1.286,237,4.536,14.4,30.0,4.694,237,0.0,0.0,0.0,0.0,237,0.603,0.0,24.0,15.889,237,0.0,0.0,0.0,0.0
serial,16,128,20,OK,243.727,110,7.573,9.55,11.0,7.573,110,0.6,0.0,45.0,22.0,110,0.327,0.0,20.0,12.0,110,0.073,0.0,3.0,2.0,110,5.018,12.0,19.0,5.257,110,0.018,0.0,1.0,1.0,110,0.982,0.0,44.0,27.0,110,0.073,0.0,6.0,4.0,238,4.899,10.0,12.0,4.899,238,0.008,0.0,1.0,1.0,238,0.021,0.0,2.0,1.25,238,0.021,0.0,2.0,1.25,238,4.244,11.15,28.0,4.335,238,0.008,0.0,2.0,2.0,238,0.42,0.0,27.0,12.5,238,0.013,0.0,1.0,1.0
decode-dbo,16,128,20,OK,315.297,109,7.633,10.6,11.0,7.633,109,1.018,0.0,71.0,37.0,109,0.138,0.0,11.0,5.0,109,0.101,0.0,3.0,2.2,109,5.055,9.0,22.0,5.055,109,0.009,0.0,1.0,1.0,109,1.211,0.0,37.0,26.4,109,0.046,0.0,2.0,1.667,237,4.895,11.0,13.0,4.895,237,0.051,0.0,3.0,1.714,237,0.03,0.0,2.0,1.167,237,0.051,0.0,2.0,1.2,237,4.793,14.0,26.0,5.004,237,0.0,0.0,0.0,0.0,237,0.764,0.0,24.0,16.455,237,0.004,0.0,1.0,1.0
decode-dbo-crosslayer,16,128,20,OK,333.745,112,7.58,11.0,11.0,7.58,112,0.714,0.0,63.0,26.667,112,0.196,0.0,18.0,7.333,112,0.08,0.0,3.0,2.25,112,4.92,11.0,23.0,5.009,112,0.0,0.0,0.0,0.0,112,1.393,0.0,51.0,31.2,112,0.018,0.0,1.0,1.0,240,5.033,11.0,13.0,5.033,240,0.037,0.0,3.0,1.8,240,0.021,0.0,1.0,1.0,240,0.058,0.0,2.0,1.4,240,4.471,11.05,27.0,4.645,240,0.004,0.0,1.0,1.0,240,0.85,0.0,31.0,18.545,240,0.008,0.0,1.0,1.0
serial,32,128,20,OK,309.110,112,7.67,11.0,12.0,7.67,112,0.134,0.0,5.0,3.75,112,0.58,0.0,45.0,16.25,112,0.161,0.0,7.0,4.5,112,4.795,10.0,21.0,4.882,112,0.018,0.0,1.0,1.0,112,1.393,1.35,48.0,26.0,112,0.009,0.0,1.0,1.0,244,5.135,11.0,13.0,5.135,244,0.037,0.0,2.0,1.286,244,0.02,0.0,1.0,1.0,244,0.02,0.0,1.0,1.0,244,4.295,13.7,23.0,4.537,244,0.004,0.0,1.0,1.0,244,0.471,0.0,17.0,9.583,244,0.012,0.0,1.0,1.0
decode-dbo,32,128,20,OK,368.874,112,7.741,11.0,12.0,7.741,112,0.5,0.0,40.0,14.0,112,0.366,0.0,33.0,10.25,112,0.161,0.0,5.0,3.6,112,4.893,9.45,22.0,4.937,112,0.027,0.0,1.0,1.0,112,1.616,0.0,55.0,36.2,112,0.054,0.0,2.0,2.0,243,5.296,12.0,13.0,5.296,243,0.025,0.0,3.0,1.5,243,0.033,0.0,3.0,1.333,243,0.053,0.0,2.0,1.182,243,4.584,12.9,31.0,4.761,243,0.0,0.0,0.0,0.0,243,0.782,2.7,37.0,14.615,243,0.037,0.0,1.0,1.0
decode-dbo-crosslayer,32,128,20,OK,371.677,111,7.685,11.0,12.0,7.685,111,1.027,0.0,74.0,22.8,111,0.189,0.0,10.0,5.25,111,0.18,0.0,5.0,4.0,111,5.153,11.0,19.0,5.2,111,0.009,0.0,1.0,1.0,111,1.685,3.0,55.0,31.167,111,0.108,0.0,7.0,3.0,240,5.083,12.0,13.0,5.083,240,0.1,0.0,5.0,2.667,240,0.033,0.0,1.0,1.0,240,0.05,0.0,2.0,1.2,240,4.304,12.0,33.0,4.453,240,0.004,0.0,1.0,1.0,240,0.746,6.0,20.0,12.786,240,0.013,0.0,1.0,1.0
serial,64,128,20,OK,434.658,115,7.852,11.6,13.0,7.852,115,0.087,0.0,5.0,3.333,115,0.096,0.0,3.0,2.75,115,0.357,1.6,9.0,5.857,115,4.861,10.3,20.0,4.861,115,0.07,0.0,5.0,2.0,115,2.73,0.0,82.0,62.8,115,0.087,0.0,2.0,2.0,250,5.432,13.0,14.0,5.432,250,0.036,0.0,2.0,1.8,250,0.02,0.0,1.0,1.0,250,0.008,0.0,2.0,2.0,250,4.304,11.0,24.0,4.446,250,0.008,0.0,1.0,1.0,250,0.624,0.0,34.0,13.0,250,0.012,0.0,1.0,1.0
decode-dbo,64,128,20,OK,509.576,115,7.887,13.0,13.0,7.887,115,0.209,0.0,7.0,6.0,115,0.6,0.6,38.0,11.5,115,0.322,2.3,7.0,4.625,115,5.296,11.3,20.0,5.296,115,0.087,1.0,4.0,1.429,115,2.835,8.1,86.0,46.571,115,0.052,0.0,2.0,2.0,249,5.225,13.0,14.0,5.225,249,0.092,0.0,3.0,2.3,249,0.032,0.0,1.0,1.0,249,0.028,0.0,1.0,1.0,249,4.241,10.0,31.0,4.382,249,0.0,0.0,0.0,0.0,249,0.683,3.0,27.0,12.143,249,0.016,0.0,1.0,1.0
decode-dbo-crosslayer,64,128,20,OK,517.083,115,7.852,13.0,13.0,7.852,115,1.861,0.0,100.0,42.8,115,0.296,2.3,13.0,4.857,115,0.313,3.3,6.0,5.143,115,4.817,10.0,28.0,4.86,115,0.078,0.0,6.0,2.25,115,2.67,7.2,82.0,43.857,115,0.07,0.0,2.0,1.6,247,5.551,13.0,14.0,5.551,247,0.085,0.0,4.0,2.333,247,0.057,0.0,4.0,1.273,247,0.045,0.0,1.0,1.0,247,4.543,12.0,24.0,4.675,247,0.0,0.0,0.0,0.0,247,1.053,8.8,27.0,15.294,247,0.028,0.0,1.0,1.0
serial,128,128,20,OK,622.943,116,8.672,16.0,16.0,8.672,116,1.664,7.0,97.0,27.571,116,0.595,0.0,44.0,17.25,116,0.629,7.0,13.0,8.111,116,5.405,12.25,21.0,5.5,116,0.06,0.0,3.0,2.333,116,4.655,30.5,100.0,60.0,116,0.121,0.0,8.0,3.5,253,5.668,14.0,16.0,5.668,253,0.059,0.0,3.0,1.875,253,0.02,0.0,1.0,1.0,253,0.008,0.0,1.0,1.0,253,4.672,13.4,22.0,4.805,253,0.067,0.0,5.0,1.889,253,0.569,3.0,24.0,9.0,253,0.016,0.0,1.0,1.0
decode-dbo,128,128,20,OK,715.212,117,8.812,16.0,16.0,8.812,117,0.513,0.0,27.0,12.0,117,1.556,0.2,90.0,30.333,117,0.487,6.0,9.0,6.333,117,5.009,10.2,24.0,5.186,117,0.137,0.0,13.0,4.0,117,3.889,21.4,100.0,41.364,117,0.128,0.0,8.0,3.75,256,5.711,14.0,16.0,5.711,256,0.059,0.0,6.0,2.5,256,0.027,0.0,3.0,1.4,256,0.02,0.0,1.0,1.0,256,4.738,14.0,30.0,4.911,256,0.035,0.0,4.0,3.0,256,0.359,0.0,20.0,7.667,256,0.039,0.0,1.0,1.0
decode-dbo-crosslayer,128,128,20,OK,725.019,117,9.026,16.0,16.0,9.026,117,2.53,5.4,100.0,42.286,117,1.966,4.2,96.0,25.556,117,0.744,8.4,13.0,8.7,117,4.863,10.0,15.0,4.905,117,0.085,1.0,3.0,1.429,117,4.615,37.2,96.0,49.091,117,0.068,0.0,2.0,2.0,254,5.563,14.0,16.0,5.563,254,0.114,1.0,3.0,2.071,254,0.004,0.0,1.0,1.0,254,0.024,0.0,1.0,1.0,254,4.772,13.35,27.0,4.988,254,0.059,0.0,5.0,5.0,254,1.311,13.0,31.0,15.857,254,0.004,0.0,1.0,1.0
serial,256,128,20,OK,1015.956,122,9.82,22.0,22.0,9.82,122,3.164,12.0,100.0,42.889,122,2.279,6.65,96.0,39.714,122,1.131,12.0,13.0,11.5,122,5.057,10.95,22.0,5.229,122,0.221,0.0,18.0,13.5,122,7.975,100.0,100.0,69.5,122,0.164,0.0,8.0,4.0,263,6.335,17.0,20.0,6.335,263,0.095,0.0,4.0,3.125,263,0.072,0.0,7.0,2.111,263,0.004,0.0,1.0,1.0,263,4.795,12.0,30.0,4.965,263,0.095,0.0,7.0,2.778,263,0.81,6.0,24.0,12.529,263,0.015,0.0,1.0,1.0
decode-dbo,256,128,20,OK,1113.986,123,9.984,22.0,22.0,9.984,123,3.016,13.0,100.0,37.1,123,2.114,7.0,96.0,28.889,123,1.081,11.0,13.0,10.231,123,5.146,10.0,19.0,5.364,123,0.618,3.0,22.0,8.444,123,9.228,98.9,100.0,63.056,123,0.358,0.9,16.0,6.286,267,6.524,17.0,20.0,6.524,267,0.101,0.0,4.0,3.0,267,0.071,0.0,3.0,1.9,267,0.004,0.0,1.0,1.0,267,4.715,12.7,26.0,4.937,267,0.041,0.0,4.0,2.2,267,0.835,5.1,31.0,11.737,267,0.026,0.0,1.0,1.0
decode-dbo-crosslayer,256,128,20,OK,1117.511,122,9.902,22.0,22.0,9.902,122,3.369,13.0,100.0,41.1,122,2.787,7.95,96.0,37.778,122,1.23,11.95,13.0,10.0,122,5.426,11.95,19.0,5.471,122,0.262,0.0,13.0,5.333,122,8.672,99.3,100.0,66.125,122,0.131,0.0,4.0,2.667,266,6.492,17.0,20.0,6.492,266,0.188,0.75,12.0,3.571,266,0.083,0.0,4.0,2.0,266,0.008,0.0,1.0,1.0,266,4.541,12.75,27.0,4.794,266,0.064,0.0,9.0,4.25,266,1.008,10.0,24.0,14.105,266,0.03,0.0,1.0,1.0
serial,2,256,20,OK,169.600,109,7.606,9.0,10.0,7.606,109,0.064,0.0,5.0,3.5,109,0.028,0.0,2.0,1.5,109,0.018,0.0,1.0,1.0,109,4.899,11.0,17.0,4.944,109,0.028,0.0,1.0,1.0,109,0.844,0.0,48.0,46.0,109,0.009,0.0,1.0,1.0,236,4.881,10.0,12.0,4.881,236,0.008,0.0,2.0,2.0,236,0.0,0.0,0.0,0.0,236,0.025,0.0,2.0,1.2,236,4.326,10.0,26.0,4.478,236,0.004,0.0,1.0,1.0,236,0.534,0.0,27.0,14.0,236,0.0,0.0,0.0,0.0
decode-dbo,2,256,20,OK,215.455,111,7.622,10.0,11.0,7.622,111,0.045,0.0,3.0,2.5,111,0.018,0.0,1.0,1.0,111,0.045,0.0,2.0,1.25,111,5.279,11.5,26.0,5.477,111,0.0,0.0,0.0,0.0,111,0.64,0.0,37.0,23.667,111,0.0,0.0,0.0,0.0,238,5.021,10.15,13.0,5.021,238,0.021,0.0,2.0,1.25,238,0.004,0.0,1.0,1.0,238,0.042,0.0,3.0,1.667,238,4.668,13.0,25.0,4.83,238,0.0,0.0,0.0,0.0,238,0.609,0.0,31.0,18.125,238,0.0,0.0,0.0,0.0
decode-dbo-crosslayer,2,256,20,OK,223.232,111,7.622,10.0,11.0,7.622,111,0.063,0.0,3.0,2.333,111,0.045,0.0,2.0,1.667,111,0.027,0.0,1.0,1.0,111,5.045,11.5,21.0,5.138,111,0.018,0.0,1.0,1.0,111,0.883,0.0,48.0,24.5,111,0.018,0.0,1.0,1.0,239,4.996,11.0,13.0,4.996,239,0.025,0.0,2.0,1.2,239,0.013,0.0,2.0,1.5,239,0.046,0.0,3.0,1.571,239,4.393,11.0,27.0,4.487,239,0.0,0.0,0.0,0.0,239,0.448,0.0,17.0,13.375,239,0.0,0.0,0.0,0.0
serial,4,256,20,OK,185.720,111,7.595,9.5,10.0,7.595,111,0.495,0.0,52.0,27.5,111,0.027,0.0,2.0,1.5,111,0.027,0.0,1.0,1.0,111,4.721,10.5,20.0,4.764,111,0.018,0.0,1.0,1.0,111,0.459,0.0,27.0,25.5,111,0.009,0.0,1.0,1.0,240,4.938,10.0,12.0,4.938,240,0.021,0.0,2.0,1.25,240,0.008,0.0,1.0,1.0,240,0.033,0.0,1.0,1.0,240,4.183,12.0,27.0,4.309,240,0.004,0.0,1.0,1.0,240,0.388,0.0,27.0,13.286,240,0.0,0.0,0.0,0.0
decode-dbo,4,256,20,OK,240.305,142,7.789,9.0,11.0,7.789,142,0.275,0.0,37.0,19.5,142,0.049,0.0,4.0,3.5,142,0.035,0.0,2.0,1.25,142,5.127,9.0,20.0,5.163,142,0.007,0.0,1.0,1.0,142,0.613,0.0,37.0,17.4,142,0.021,0.0,1.0,1.0,308,4.604,10.0,12.0,4.604,308,0.032,0.0,3.0,1.429,308,0.0,0.0,0.0,0.0,308,0.036,0.0,2.0,1.375,308,4.351,11.65,64.0,4.542,308,0.013,0.0,2.0,1.333,308,0.666,0.0,34.0,18.636,308,0.0,0.0,0.0,0.0
decode-dbo-crosslayer,4,256,20,OK,232.853,111,7.622,10.0,11.0,7.622,111,0.207,0.0,19.0,11.5,111,0.045,0.0,4.0,2.5,111,0.036,0.0,1.0,1.0,111,6.577,11.0,97.0,6.636,111,0.0,0.0,0.0,0.0,111,0.793,0.0,41.0,29.333,111,0.018,0.0,1.0,1.0,241,4.979,10.0,13.0,4.979,241,0.033,0.0,2.0,1.333,241,0.017,0.0,1.0,1.0,241,0.05,0.0,2.0,1.333,241,4.071,10.0,27.0,4.21,241,0.0,0.0,0.0,0.0,241,0.668,0.0,24.0,16.1,241,0.0,0.0,0.0,0.0
serial,8,256,20,OK,223.417,111,7.685,10.0,11.0,7.685,111,0.396,0.0,27.0,14.667,111,0.207,0.0,9.0,7.667,111,0.045,0.0,2.0,1.667,111,4.892,10.5,14.0,4.936,111,0.018,0.0,1.0,1.0,111,0.82,0.0,41.0,22.75,111,0.054,0.0,5.0,3.0,240,4.763,10.0,12.0,4.763,240,0.013,0.0,1.0,1.0,240,0.008,0.0,1.0,1.0,240,0.029,0.0,1.0,1.0,240,4.042,12.0,29.0,4.11,240,0.013,0.0,2.0,1.5,240,0.429,0.0,24.0,11.444,240,0.0,0.0,0.0,0.0
decode-dbo,8,256,20,OK,279.906,114,7.728,10.35,11.0,7.728,114,0.667,0.0,68.0,25.333,114,0.07,0.0,4.0,2.667,114,0.07,0.0,2.0,1.6,114,5.035,10.0,19.0,5.125,114,0.026,0.0,1.0,1.0,114,0.886,0.0,37.0,20.2,114,0.026,0.0,2.0,1.5,243,5.119,11.0,12.0,5.119,243,0.037,0.0,2.0,1.286,243,0.016,0.0,1.0,1.0,243,0.041,0.0,2.0,1.25,243,4.305,11.0,22.0,4.489,243,0.012,0.0,3.0,3.0,243,0.872,0.0,34.0,17.667,243,0.0,0.0,0.0,0.0
decode-dbo-crosslayer,8,256,20,OK,276.059,110,7.645,10.55,11.0,7.645,110,0.109,0.0,4.0,4.0,110,0.209,0.0,11.0,7.667,110,0.073,0.0,2.0,1.6,110,5.1,12.0,21.0,5.1,110,0.0,0.0,0.0,0.0,110,0.982,0.0,37.0,21.6,110,0.036,0.0,2.0,1.333,237,5.089,11.0,13.0,5.089,237,0.03,0.0,2.0,1.75,237,0.017,0.0,2.0,1.333,237,0.051,0.0,3.0,1.5,237,4.342,13.2,26.0,4.533,237,0.008,0.0,1.0,1.0,237,0.553,0.0,27.0,16.375,237,0.0,0.0,0.0,0.0
serial,16,256,20,OK,248.154,112,7.679,10.45,12.0,7.679,112,0.33,0.0,26.0,9.25,112,0.17,0.0,14.0,6.333,112,0.08,0.0,3.0,3.0,112,4.812,9.0,25.0,4.945,112,0.045,0.0,2.0,1.25,112,1.027,0.0,44.0,38.333,112,0.009,0.0,1.0,1.0,240,5.158,11.0,13.0,5.158,240,0.021,0.0,1.0,1.0,240,0.004,0.0,1.0,1.0,240,0.033,0.0,1.0,1.0,240,4.362,11.0,30.0,4.552,240,0.0,0.0,0.0,0.0,240,0.317,0.0,13.0,8.444,240,0.0,0.0,0.0,0.0
decode-dbo,16,256,20,OK,311.942,113,7.708,11.0,12.0,7.708,113,0.451,0.4,19.0,8.5,113,0.442,0.0,23.0,10.0,113,0.097,0.0,3.0,2.75,113,5.442,11.8,21.0,5.491,113,0.027,0.0,1.0,1.0,113,1.673,5.8,44.0,27.0,113,0.044,0.0,2.0,1.667,242,4.996,11.95,13.0,4.996,242,0.062,0.0,3.0,2.143,242,0.025,0.0,1.0,1.0,242,0.054,0.0,2.0,1.182,242,4.649,14.0,32.0,4.87,242,0.008,0.0,1.0,1.0,242,0.682,2.85,31.0,12.692,242,0.004,0.0,1.0,1.0
decode-dbo-crosslayer,16,256,20,OK,319.202,110,7.636,11.0,12.0,7.636,110,0.318,0.0,25.0,11.667,110,0.191,0.0,16.0,7.0,110,0.1,0.0,3.0,2.2,110,5.055,10.55,23.0,5.148,110,0.009,0.0,1.0,1.0,110,1.727,5.5,44.0,31.667,110,0.009,0.0,1.0,1.0,244,5.238,11.85,13.0,5.238,244,0.037,0.0,2.0,1.5,244,0.029,0.0,1.0,1.0,244,0.057,0.0,2.0,1.167,244,4.504,13.55,30.0,4.637,244,0.02,0.0,4.0,2.5,244,0.758,0.0,24.0,15.417,244,0.008,0.0,1.0,1.0
serial,32,256,20,OK,298.740,113,7.779,11.0,13.0,7.779,113,0.274,0.0,9.0,6.2,113,0.85,0.0,46.0,24.0,113,0.186,0.0,6.0,4.2,113,6.292,11.0,92.0,6.292,113,0.044,0.0,1.0,1.0,113,1.248,3.0,44.0,20.143,113,0.018,0.0,1.0,1.0,245,5.041,12.0,14.0,5.041,245,0.045,0.0,2.0,1.375,245,0.02,0.0,1.0,1.0,245,0.033,0.0,1.0,1.0,245,4.216,11.0,28.0,4.34,245,0.02,0.0,3.0,2.5,245,0.735,2.4,34.0,13.846,245,0.012,0.0,1.0,1.0
decode-dbo,32,256,20,OK,384.361,113,7.823,11.4,13.0,7.823,113,0.407,0.0,25.0,9.2,113,0.584,0.0,43.0,13.2,113,0.15,0.0,5.0,4.25,113,5.097,10.4,28.0,5.236,113,0.053,0.0,2.0,1.5,113,2.363,21.6,55.0,38.143,113,0.053,0.0,2.0,1.5,246,5.28,12.75,14.0,5.28,246,0.085,0.0,3.0,2.333,246,0.028,0.0,1.0,1.0,246,0.049,0.0,1.0,1.0,246,4.679,13.75,29.0,4.857,246,0.0,0.0,0.0,0.0,246,0.98,5.25,41.0,17.214,246,0.008,0.0,1.0,1.0
decode-dbo-crosslayer,32,256,20,OK,374.590,113,7.876,11.4,13.0,7.876,113,0.575,1.2,35.0,10.833,113,0.363,0.0,29.0,8.2,113,0.159,0.4,5.0,3.0,113,5.071,11.0,23.0,5.257,113,0.062,0.4,2.0,1.167,113,1.743,7.6,48.0,28.143,113,0.062,0.0,2.0,1.75,246,5.248,12.0,14.0,5.248,246,0.098,0.0,3.0,2.4,246,0.033,0.0,1.0,1.0,246,0.053,0.0,2.0,1.083,246,4.776,12.0,32.0,5.021,246,0.008,0.0,2.0,2.0,246,0.772,0.0,44.0,15.833,246,0.012,0.0,1.0,1.0
serial,64,256,20,OK,422.358,114,8.658,13.7,15.0,8.658,114,1.649,0.0,100.0,47.0,114,0.096,0.0,6.0,3.667,114,0.307,0.0,9.0,7.0,114,5.096,11.35,25.0,5.142,114,0.105,0.0,8.0,2.4,114,3.439,6.5,89.0,49.0,114,0.14,0.0,9.0,3.2,246,5.325,14.0,16.0,5.325,246,0.065,0.0,3.0,1.778,246,0.02,0.0,1.0,1.0,246,0.016,0.0,1.0,1.0,246,4.528,13.0,25.0,4.72,246,0.02,0.0,2.0,1.25,246,0.663,3.0,27.0,10.188,246,0.02,0.0,1.0,1.0
decode-dbo,64,256,20,OK,507.994,117,8.915,15.2,16.0,8.915,117,0.547,0.0,24.0,12.8,117,0.88,0.6,48.0,17.167,117,0.333,3.4,7.0,4.875,117,5.068,10.0,31.0,5.157,117,0.137,0.0,15.0,8.0,117,2.513,13.0,82.0,32.667,117,0.094,0.0,3.0,2.2,255,5.565,14.0,16.0,5.565,255,0.078,0.0,4.0,2.5,255,0.047,0.0,3.0,1.333,255,0.039,0.0,1.0,1.0,255,4.773,13.0,29.0,4.927,255,0.02,0.0,2.0,1.25,255,0.867,6.0,41.0,11.632,255,0.02,0.0,1.0,1.0
decode-dbo-crosslayer,64,256,20,OK,512.584,118,8.847,15.15,16.0,8.847,118,1.432,0.75,100.0,28.167,118,1.381,4.0,72.0,20.375,118,0.331,3.15,7.0,4.875,118,4.873,11.0,17.0,4.957,118,0.042,0.0,4.0,2.5,118,2.797,15.1,86.0,36.667,118,0.119,0.0,8.0,3.5,255,5.341,14.0,16.0,5.341,255,0.075,0.0,4.0,2.375,255,0.047,0.0,2.0,1.2,255,0.039,0.0,1.0,1.0,255,4.655,13.0,22.0,4.806,255,0.071,0.0,10.0,3.6,255,0.863,10.0,20.0,10.0,255,0.027,0.0,1.0,1.0
serial,128,256,20,OK,613.678,118,9.305,21.0,21.0,9.305,118,1.297,10.0,55.0,21.857,118,1.093,0.3,92.0,21.5,118,0.576,7.15,12.0,9.714,118,5.169,11.15,16.0,5.169,118,0.636,2.0,27.0,9.375,118,4.441,41.0,100.0,58.222,118,0.263,1.0,14.0,4.429,256,5.984,17.0,21.0,5.984,256,0.062,0.0,3.0,2.0,256,0.066,0.0,4.0,1.889,256,0.012,0.0,1.0,1.0,256,4.73,12.0,25.0,4.883,256,0.035,0.0,3.0,1.5,256,0.879,6.0,37.0,13.235,256,0.02,0.0,1.0,1.0
decode-dbo,128,256,20,OK,691.473,118,9.39,21.0,21.0,9.39,118,0.737,1.5,26.0,14.5,118,0.975,1.05,48.0,19.167,118,0.661,6.3,12.0,7.8,118,5.237,10.0,21.0,5.328,118,0.195,0.15,9.0,3.833,118,3.475,20.0,100.0,37.273,118,0.042,0.0,2.0,1.667,255,5.992,17.0,21.0,5.992,255,0.082,0.0,6.0,3.5,255,0.035,0.0,6.0,3.0,255,0.031,0.0,1.0,1.0,255,4.557,12.3,30.0,4.724,255,0.118,0.0,14.0,6.0,255,0.91,0.9,37.0,17.846,255,0.012,0.0,1.0,1.0
decode-dbo-crosslayer,128,256,20,OK,698.686,118,9.415,21.0,21.0,9.415,118,2.331,10.0,100.0,34.375,118,2.085,9.2,83.0,27.333,118,0.602,6.15,13.0,7.1,118,4.661,11.15,16.0,4.867,118,0.263,0.3,18.0,5.167,118,4.085,25.05,100.0,48.2,118,0.186,0.0,14.0,5.5,255,6.125,17.0,21.0,6.125,255,0.129,0.0,12.0,5.5,255,0.008,0.0,2.0,2.0,255,0.024,0.0,1.0,1.0,255,4.973,12.3,37.0,5.072,255,0.122,0.0,9.0,3.875,255,0.51,0.0,34.0,14.444,255,0.027,0.0,1.0,1.0
serial,256,256,20,OK,1012.814,125,11.72,31.0,31.0,11.72,125,2.688,10.4,100.0,48.0,125,2.968,8.8,96.0,37.1,125,1.184,12.0,13.0,11.385,125,5.272,11.0,25.0,5.272,125,0.688,0.0,32.0,21.5,125,8.176,78.2,100.0,56.778,125,0.328,0.0,17.0,6.833,271,7.494,23.0,30.0,7.494,271,0.162,0.0,19.0,3.667,271,0.07,0.0,7.0,1.9,271,0.011,0.0,2.0,1.5,271,4.948,12.0,26.0,5.099,271,0.122,0.0,8.0,2.538,271,0.9,6.0,24.0,11.091,271,0.041,0.0,5.0,1.833
decode-dbo,256,256,20,OK,1123.641,126,11.968,32.0,32.0,11.968,126,2.579,14.75,82.0,29.545,126,0.706,6.75,28.0,12.714,126,1.095,11.75,13.0,9.857,126,5.444,12.0,21.0,5.488,126,0.611,2.25,19.0,11.0,126,8.222,100.0,100.0,57.556,126,0.508,3.0,17.0,8.0,274,7.547,24.0,30.0,7.547,274,0.219,1.0,11.0,3.75,274,0.091,1.0,4.0,1.667,274,0.011,0.0,1.0,1.0,274,4.796,13.0,28.0,4.958,274,0.088,0.0,5.0,2.667,274,1.102,10.0,27.0,12.583,274,0.044,0.0,6.0,1.714
decode-dbo-crosslayer,256,256,20,OK,1109.202,127,12.094,32.0,32.0,12.094,127,3.953,18.1,100.0,41.833,127,2.598,10.0,96.0,27.5,127,1.22,12.0,14.0,11.923,127,5.567,12.7,19.0,5.567,127,0.843,6.0,18.0,9.727,127,7.953,81.8,100.0,53.158,127,0.417,2.4,18.0,6.625,274,7.588,24.0,30.0,7.588,274,0.186,0.35,12.0,3.643,274,0.128,0.35,9.0,2.5,274,0.004,0.0,1.0,1.0,274,5.142,13.0,32.0,5.378,274,0.08,0.0,8.0,3.143,274,1.128,10.0,31.0,13.435,274,0.044,0.0,4.0,1.5
serial,2,512,20,OK,173.462,109,7.56,9.6,10.0,7.56,109,0.128,0.0,10.0,4.667,109,0.092,0.0,6.0,3.333,109,0.018,0.0,1.0,1.0,109,5.138,9.6,21.0,5.234,109,0.018,0.0,1.0,1.0,109,1.156,0.0,44.0,31.5,109,0.028,0.0,2.0,1.5,236,4.792,10.0,12.0,4.792,236,0.008,0.0,2.0,2.0,236,0.013,0.0,2.0,1.5,236,0.025,0.0,2.0,1.2,236,4.254,11.0,22.0,4.384,236,0.008,0.0,2.0,2.0,236,0.335,0.0,20.0,13.167,236,0.0,0.0,0.0,0.0
decode-dbo,2,512,20,OK,213.669,110,7.555,9.55,11.0,7.555,110,0.8,0.0,66.0,29.333,110,0.091,0.0,4.0,2.5,110,0.045,0.0,1.0,1.0,110,4.873,11.0,20.0,4.917,110,0.0,0.0,0.0,0.0,110,0.9,0.0,31.0,19.8,110,0.055,0.0,4.0,2.0,239,5.079,10.0,13.0,5.079,239,0.004,0.0,1.0,1.0,239,0.004,0.0,1.0,1.0,239,0.046,0.0,2.0,1.571,239,4.628,14.0,28.0,4.726,239,0.0,0.0,0.0,0.0,239,0.762,0.0,34.0,20.222,239,0.0,0.0,0.0,0.0
decode-dbo-crosslayer,2,512,20,OK,220.508,109,7.716,10.0,11.0,7.716,109,0.835,0.0,61.0,45.5,109,0.037,0.0,2.0,2.0,109,0.037,0.0,1.0,1.0,109,4.954,10.0,25.0,5.0,109,0.018,0.0,1.0,1.0,109,0.899,0.0,37.0,19.6,109,0.028,0.0,1.0,1.0,241,5.008,10.0,12.0,5.008,241,0.008,0.0,1.0,1.0,241,0.004,0.0,1.0,1.0,241,0.046,0.0,2.0,1.375,241,4.311,11.0,44.0,4.537,241,0.025,0.0,5.0,3.0,241,0.622,0.0,20.0,15.0,241,0.0,0.0,0.0,0.0
serial,4,512,20,OK,194.795,108,7.676,9.65,11.0,7.676,108,1.213,0.0,68.0,65.5,108,0.019,0.0,1.0,1.0,108,0.028,0.0,1.0,1.0,108,4.972,12.65,20.0,5.066,108,0.019,0.0,1.0,1.0,108,0.824,0.0,41.0,29.667,108,0.028,0.0,2.0,1.5,237,4.713,10.0,12.0,4.713,237,0.013,0.0,1.0,1.0,237,0.025,0.0,2.0,1.2,237,0.03,0.0,2.0,1.167,237,4.354,11.0,29.0,4.487,237,0.0,0.0,0.0,0.0,237,0.456,0.0,27.0,18.0,237,0.0,0.0,0.0,0.0
decode-dbo,4,512,20,OK,249.305,110,7.691,10.0,11.0,7.691,110,1.373,0.0,73.0,37.75,110,0.136,0.0,8.0,3.75,110,0.036,0.0,2.0,1.333,110,4.955,10.55,20.0,5.19,110,0.036,0.0,1.0,1.0,110,1.282,4.65,41.0,20.143,110,0.082,0.0,6.0,2.25,239,5.021,11.0,13.0,5.021,239,0.038,0.0,2.0,1.286,239,0.029,0.0,2.0,1.167,239,0.046,0.0,3.0,1.571,239,4.41,10.0,29.0,4.563,239,0.008,0.0,1.0,1.0,239,0.69,0.0,24.0,18.333,239,0.0,0.0,0.0,0.0
decode-dbo-crosslayer,4,512,20,OK,247.316,110,7.627,10.0,11.0,7.627,110,1.136,0.0,71.0,31.25,110,0.027,0.0,1.0,1.0,110,0.018,0.0,1.0,1.0,110,4.936,12.1,22.0,5.075,110,0.0,0.0,0.0,0.0,110,1.173,0.0,41.0,25.8,110,0.027,0.0,2.0,1.5,239,4.941,10.1,13.0,4.941,239,0.038,0.0,3.0,1.5,239,0.017,0.0,1.0,1.0,239,0.054,0.0,3.0,1.857,239,4.331,12.1,31.0,4.52,239,0.004,0.0,1.0,1.0,239,0.661,0.0,34.0,19.75,239,0.0,0.0,0.0,0.0
serial,8,512,20,OK,212.233,111,7.694,10.5,11.0,7.694,111,0.595,0.0,61.0,33.0,111,0.063,0.0,3.0,2.333,111,0.054,0.0,2.0,1.5,111,4.982,10.5,18.0,5.027,111,0.027,0.0,1.0,1.0,111,0.64,0.0,37.0,35.5,111,0.009,0.0,1.0,1.0,240,4.883,11.0,13.0,4.883,240,0.021,0.0,1.0,1.0,240,0.013,0.0,1.0,1.0,240,0.029,0.0,1.0,1.0,240,4.342,11.0,31.0,4.491,240,0.004,0.0,1.0,1.0,240,0.454,0.0,24.0,10.9,240,0.0,0.0,0.0,0.0
decode-dbo,8,512,20,OK,269.592,114,7.816,11.0,12.0,7.816,114,0.114,0.0,5.0,4.333,114,0.167,0.0,11.0,4.75,114,0.053,0.0,3.0,2.0,114,4.816,9.0,19.0,4.902,114,0.026,0.0,1.0,1.0,114,1.237,1.05,37.0,23.5,114,0.044,0.0,2.0,1.25,246,5.167,11.75,13.0,5.167,246,0.041,0.0,3.0,1.429,246,0.024,0.0,1.0,1.0,246,0.049,0.0,2.0,1.5,246,4.183,10.0,27.0,4.397,246,0.0,0.0,0.0,0.0,246,0.85,0.0,34.0,20.9,246,0.0,0.0,0.0,0.0
decode-dbo-crosslayer,8,512,20,OK,275.624,111,7.739,11.0,12.0,7.739,111,0.937,0.0,75.0,26.0,111,0.171,0.0,10.0,4.75,111,0.072,0.0,2.0,1.6,111,5.378,13.5,24.0,5.427,111,0.027,0.0,1.0,1.0,111,0.91,0.0,34.0,20.2,111,0.099,0.0,8.0,3.667,240,5.008,11.05,13.0,5.008,240,0.021,0.0,2.0,1.25,240,0.017,0.0,2.0,1.333,240,0.054,0.0,2.0,1.444,240,4.342,11.0,27.0,4.453,240,0.017,0.0,2.0,1.333,240,0.762,0.15,44.0,15.25,240,0.004,0.0,1.0,1.0
serial,16,512,20,OK,248.729,112,7.786,11.0,13.0,7.786,112,0.607,0.0,30.0,17.0,112,0.411,0.0,17.0,15.333,112,0.08,0.0,3.0,3.0,112,4.946,9.9,20.0,5.13,112,0.071,0.0,6.0,4.0,112,1.438,0.0,48.0,40.25,112,0.036,0.0,2.0,2.0,243,5.091,11.9,14.0,5.091,243,0.025,0.0,1.0,1.0,243,0.033,0.0,2.0,1.143,243,0.033,0.0,1.0,1.0,243,4.284,12.0,26.0,4.411,243,0.025,0.0,5.0,3.0,243,0.613,0.0,20.0,13.545,243,0.004,0.0,1.0,1.0
decode-dbo,16,512,20,OK,314.568,112,7.714,11.0,13.0,7.714,112,0.411,1.35,14.0,7.667,112,0.339,0.0,21.0,7.6,112,0.071,0.0,3.0,2.0,112,5.08,11.45,19.0,5.126,112,0.054,0.0,5.0,3.0,112,1.607,7.5,41.0,25.714,112,0.134,0.0,11.0,3.75,240,5.279,12.05,13.0,5.279,240,0.067,0.0,4.0,2.667,240,0.017,0.0,2.0,1.333,240,0.05,0.0,2.0,1.333,240,4.517,12.05,26.0,4.693,240,0.004,0.0,1.0,1.0,240,0.875,0.0,34.0,19.091,240,0.004,0.0,1.0,1.0
decode-dbo-crosslayer,16,512,20,OK,315.783,110,7.936,11.0,13.0,7.936,110,0.573,0.0,38.0,12.6,110,0.2,0.0,7.0,4.4,110,0.082,0.0,3.0,2.25,110,4.882,10.55,14.0,4.882,110,0.045,0.0,2.0,1.25,110,1.327,0.0,48.0,29.2,110,0.064,0.0,3.0,1.75,244,5.279,12.0,14.0,5.279,244,0.061,0.0,3.0,2.143,244,0.041,0.0,4.0,1.429,244,0.049,0.0,2.0,1.091,244,4.807,15.85,28.0,4.991,244,0.016,0.0,2.0,1.333,244,0.947,3.0,27.0,16.5,244,0.004,0.0,1.0,1.0
serial,32,512,20,OK,301.165,112,8.518,12.45,15.0,8.518,112,0.964,0.0,79.0,36.0,112,0.562,0.0,46.0,15.75,112,0.205,0.0,7.0,4.6,112,4.857,12.0,19.0,4.857,112,0.116,0.0,8.0,3.25,112,1.259,0.0,51.0,28.2,112,0.143,0.0,12.0,5.333,242,5.364,12.0,16.0,5.364,242,0.029,0.0,2.0,1.75,242,0.021,0.0,2.0,1.25,242,0.033,0.0,1.0,1.0,242,4.409,11.9,23.0,4.599,242,0.012,0.0,2.0,1.5,242,0.438,2.85,13.0,8.154,242,0.012,0.0,1.0,1.0
decode-dbo,32,512,20,OK,378.485,115,8.617,13.3,15.0,8.617,115,1.017,0.0,73.0,29.25,115,0.365,0.0,27.0,10.5,115,0.157,0.3,5.0,3.0,115,4.765,10.3,19.0,4.765,115,0.209,0.0,11.0,6.0,115,1.539,6.0,51.0,22.125,115,0.087,0.0,4.0,2.0,249,5.349,14.0,16.0,5.349,249,0.072,0.0,3.0,2.0,249,0.032,0.0,1.0,1.0,249,0.048,0.0,2.0,1.091,249,4.627,13.6,22.0,4.664,249,0.02,0.0,3.0,1.667,249,0.996,8.4,31.0,15.5,249,0.012,0.0,1.0,1.0
decode-dbo-crosslayer,32,512,20,OK,379.001,114,8.579,12.35,15.0,8.579,114,1.167,2.45,61.0,22.167,114,0.623,0.35,46.0,11.833,114,0.149,0.0,5.0,3.4,114,5.0,11.0,16.0,5.0,114,0.158,0.35,11.0,3.0,114,1.781,7.9,58.0,22.556,114,0.053,0.0,2.0,2.0,246,5.333,14.0,16.0,5.333,246,0.102,0.0,6.0,3.125,246,0.028,0.0,1.0,1.0,246,0.057,0.75,2.0,1.077,246,4.577,15.0,24.0,4.711,246,0.024,0.0,3.0,2.0,246,0.797,5.25,27.0,13.067,246,0.016,0.0,1.0,1.0
serial,64,512,20,OK,424.393,115,9.078,17.2,20.0,9.078,115,0.843,5.1,26.0,13.857,115,1.339,1.8,72.0,25.667,115,0.313,0.3,8.0,6.0,115,4.87,10.0,17.0,5.0,115,0.278,0.0,18.0,8.0,115,1.948,10.9,55.0,28.0,115,0.148,0.0,13.0,5.667,245,5.539,15.8,19.0,5.539,245,0.029,0.0,3.0,1.75,245,0.02,0.0,2.0,1.25,245,0.004,0.0,1.0,1.0,245,5.302,15.8,32.0,5.435,245,0.073,0.0,9.0,4.5,245,0.678,3.0,24.0,10.375,245,0.008,0.0,1.0,1.0
decode-dbo,64,512,20,OK,501.098,118,9.178,19.15,20.0,9.178,118,2.169,8.3,100.0,36.571,118,0.602,0.3,29.0,11.833,118,0.373,3.45,7.0,5.5,118,5.0,11.0,20.0,5.086,118,0.407,2.15,17.0,6.857,118,2.975,19.1,65.0,39.0,118,0.169,0.0,13.0,5.0,252,5.675,16.0,19.0,5.675,252,0.107,0.0,10.0,3.375,252,0.052,0.0,6.0,1.857,252,0.036,0.0,1.0,1.0,252,4.77,12.45,24.0,4.847,252,0.044,0.0,4.0,2.2,252,0.734,4.35,24.0,11.562,252,0.02,0.0,1.0,1.0
decode-dbo-crosslayer,64,512,20,OK,513.508,117,9.239,20.0,20.0,9.239,117,1.342,3.4,55.0,22.429,117,1.427,4.4,66.0,20.875,117,0.316,3.0,6.0,4.625,117,5.453,13.0,20.0,5.5,117,0.282,0.0,24.0,16.5,117,3.504,31.0,86.0,45.556,117,0.068,0.0,2.0,2.0,252,5.734,16.0,19.0,5.734,252,0.095,0.0,9.0,3.0,252,0.032,0.0,3.0,1.333,252,0.032,0.0,1.0,1.0,252,5.302,13.0,34.0,5.453,252,0.099,0.0,8.0,3.125,252,0.817,3.0,27.0,12.875,252,0.032,0.0,2.0,1.143
serial,128,512,20,OK,623.415,120,11.067,30.0,30.0,11.067,120,3.158,12.05,100.0,47.375,120,2.067,7.7,79.0,27.556,120,0.642,7.05,13.0,8.556,120,5.225,10.05,21.0,5.225,120,0.408,0.0,22.0,9.8,120,4.492,34.35,100.0,41.462,120,0.167,0.0,11.0,6.667,258,6.488,21.0,26.0,6.488,258,0.159,0.0,16.0,3.727,258,0.132,0.0,10.0,4.25,258,0.012,0.0,1.0,1.0,258,5.027,12.15,29.0,5.167,258,0.116,0.0,6.0,2.5,258,0.853,6.0,24.0,11.0,258,0.023,0.0,4.0,2.0
decode-dbo,128,512,20,OK,725.775,121,11.24,30.0,30.0,11.24,121,1.545,9.0,67.0,23.375,121,2.223,9.0,95.0,33.625,121,0.678,7.0,12.0,8.2,121,5.124,11.0,20.0,5.21,121,0.661,6.0,18.0,8.889,121,5.38,41.0,100.0,46.5,121,0.198,0.0,13.0,4.8,260,6.696,21.05,26.0,6.696,260,0.131,0.0,8.0,2.833,260,0.065,0.0,6.0,1.417,260,0.023,0.0,1.0,1.0,260,5.619,14.05,32.0,5.707,260,0.131,0.0,8.0,4.857,260,1.05,6.2,27.0,11.375,260,0.031,0.0,3.0,1.333
decode-dbo-crosslayer,128,512,20,OK,718.678,121,11.074,30.0,30.0,11.074,121,3.529,15.0,100.0,42.7,121,2.372,9.0,95.0,28.7,121,0.653,6.0,12.0,7.182,121,5.116,11.0,25.0,5.116,121,0.826,6.0,18.0,11.111,121,4.653,37.0,100.0,43.308,121,0.463,0.0,19.0,9.333,261,7.08,22.0,26.0,7.08,261,0.13,0.0,11.0,3.4,261,0.061,0.0,6.0,5.333,261,0.015,0.0,1.0,1.0,261,5.253,13.0,32.0,5.335,261,0.184,0.0,11.0,5.333,261,0.667,3.0,27.0,11.6,261,0.008,0.0,1.0,1.0
serial,256,512,20,OK,1021.925,127,15.85,49.0,49.0,15.85,127,3.717,20.7,100.0,47.2,127,1.937,2.1,96.0,35.143,127,1.087,12.0,13.0,11.5,127,5.189,10.7,28.0,5.23,127,1.094,1.4,37.0,19.857,127,8.732,96.0,100.0,58.368,127,0.307,0.0,13.0,6.5,272,9.081,32.0,41.0,9.081,272,0.136,0.0,7.0,3.083,272,0.085,0.0,13.0,2.556,272,0.018,0.0,1.0,1.0,272,5.618,15.0,37.0,5.723,272,0.158,0.0,7.0,3.308,272,0.923,6.0,27.0,9.296,272,0.07,0.0,6.0,2.714
decode-dbo,256,512,20,OK,1119.497,127,16.047,50.0,50.0,16.047,127,35.929,100.0,100.0,89.471,127,33.591,96.0,96.0,85.32,127,1.197,12.0,13.0,10.857,127,6.535,13.7,56.0,6.535,127,1.323,9.3,37.0,15.273,127,8.528,79.0,100.0,57.0,127,30.913,96.0,96.0,85.348,272,9.368,33.35,41.0,9.368,272,0.29,0.9,21.0,5.643,272,0.188,0.0,18.0,3.923,272,0.004,0.0,1.0,1.0,272,5.665,13.0,28.0,5.815,272,0.25,0.45,12.0,4.857,272,1.518,13.0,37.0,12.906,272,0.029,0.0,1.0,1.0
decode-dbo-crosslayer,256,512,20,OK,1119.637,129,16.605,50.0,50.0,16.605,129,48.651,100.0,100.0,89.657,129,46.116,100.0,100.0,86.217,129,1.256,11.0,13.0,4.263,129,10.837,21.6,97.0,11.095,129,2.403,14.6,33.0,13.478,129,9.69,88.8,100.0,30.488,129,44.519,100.0,100.0,88.354,280,9.804,35.0,41.0,9.804,280,0.275,0.05,29.0,5.5,280,0.332,1.0,24.0,5.471,280,0.007,0.0,1.0,1.0,280,5.725,16.0,30.0,5.85,280,0.254,1.0,15.0,4.176,280,1.514,13.0,31.0,14.621,280,0.036,0.0,3.0,1.25
serial,2,1024,20,OK,177.063,108,7.546,9.65,11.0,7.546,108,0.759,0.0,51.0,41.0,108,0.019,0.0,1.0,1.0,108,0.028,0.0,1.0,1.0,108,6.667,15.0,62.0,6.792,108,0.009,0.0,1.0,1.0,108,0.528,0.0,27.0,19.0,108,0.009,0.0,1.0,1.0,233,4.845,10.0,12.0,4.845,233,0.013,0.0,1.0,1.0,233,0.0,0.0,0.0,0.0,233,0.026,0.0,2.0,1.2,233,4.94,12.4,32.0,4.983,233,0.004,0.0,1.0,1.0,233,0.352,0.0,20.0,11.714,233,0.0,0.0,0.0,0.0
decode-dbo,2,1024,20,OK,230.069,111,7.64,10.0,11.0,7.64,111,0.757,0.0,51.0,42.0,111,0.027,0.0,2.0,1.5,111,0.036,0.0,1.0,1.0,111,5.514,12.5,26.0,5.615,111,0.027,0.0,1.0,1.0,111,0.739,0.0,41.0,27.333,111,0.018,0.0,1.0,1.0,240,5.004,11.0,13.0,5.004,240,0.017,0.0,1.0,1.0,240,0.004,0.0,1.0,1.0,240,0.058,0.0,2.0,1.75,240,4.683,11.0,23.0,4.743,240,0.008,0.0,1.0,1.0,240,0.483,0.0,27.0,12.889,240,0.0,0.0,0.0,0.0
decode-dbo-crosslayer,2,1024,20,OK,231.644,109,7.661,10.0,11.0,7.661,109,0.055,0.0,3.0,3.0,109,0.037,0.0,2.0,2.0,109,0.028,0.0,2.0,1.5,109,5.44,12.6,19.0,5.44,109,0.046,0.0,2.0,1.25,109,0.872,0.0,48.0,31.667,109,0.018,0.0,1.0,1.0,237,5.0,10.2,13.0,5.0,237,0.034,0.0,3.0,1.6,237,0.013,0.0,1.0,1.0,237,0.046,0.0,2.0,1.571,237,4.844,12.2,30.0,5.013,237,0.008,0.0,2.0,2.0,237,0.608,0.0,27.0,16.0,237,0.0,0.0,0.0,0.0
serial,4,1024,20,OK,195.873,113,7.628,10.4,11.0,7.628,113,0.071,0.0,4.0,4.0,113,0.044,0.0,3.0,2.5,113,0.018,0.0,1.0,1.0,113,5.398,10.4,19.0,5.398,113,0.044,0.0,2.0,1.25,113,0.965,0.0,41.0,36.333,113,0.0,0.0,0.0,0.0,243,4.955,11.0,13.0,4.955,243,0.004,0.0,1.0,1.0,243,0.025,0.0,2.0,1.2,243,0.029,0.0,2.0,1.167,243,4.802,11.9,22.0,4.924,243,0.012,0.0,2.0,1.5,243,0.374,0.0,24.0,13.0,243,0.0,0.0,0.0,0.0
decode-dbo,4,1024,20,OK,242.383,111,7.721,11.0,12.0,7.721,111,0.721,0.0,76.0,40.0,111,0.054,0.0,5.0,3.0,111,0.036,0.0,2.0,1.333,111,5.351,12.5,19.0,5.351,111,0.027,0.0,1.0,1.0,111,0.874,0.0,37.0,19.4,111,0.009,0.0,1.0,1.0,237,5.051,11.0,13.0,5.051,237,0.025,0.0,3.0,1.5,237,0.013,0.0,1.0,1.0,237,0.046,0.0,3.0,1.833,237,5.004,13.0,31.0,5.09,237,0.046,0.0,5.0,2.75,237,0.709,0.0,31.0,18.667,237,0.0,0.0,0.0,0.0
decode-dbo-crosslayer,4,1024,20,OK,252.666,111,7.631,10.5,12.0,7.631,111,1.018,0.0,72.0,28.25,111,0.144,0.0,11.0,4.0,111,0.045,0.0,2.0,1.25,111,5.387,12.0,18.0,5.436,111,0.036,0.0,1.0,1.0,111,0.946,0.0,34.0,26.25,111,0.045,0.0,2.0,1.667,243,5.206,11.0,13.0,5.206,243,0.025,0.0,1.0,1.0,243,0.016,0.0,1.0,1.0,243,0.045,0.0,2.0,1.222,243,4.959,13.9,26.0,4.979,243,0.012,0.0,2.0,1.5,243,0.856,2.7,31.0,16.0,243,0.0,0.0,0.0,0.0
serial,8,1024,20,OK,216.761,111,7.775,11.0,13.0,7.775,111,0.45,0.0,34.0,16.667,111,0.126,0.0,10.0,4.667,111,0.036,0.0,2.0,2.0,111,5.685,12.0,19.0,5.736,111,0.063,0.0,4.0,2.333,111,1.252,5.0,44.0,23.167,111,0.054,0.0,4.0,2.0,240,5.292,11.05,14.0,5.292,240,0.029,0.0,2.0,1.4,240,0.008,0.0,1.0,1.0,240,0.025,0.0,1.0,1.0,240,4.975,13.0,25.0,5.103,240,0.004,0.0,1.0,1.0,240,0.471,0.0,24.0,14.125,240,0.0,0.0,0.0,0.0
decode-dbo,8,1024,20,OK,273.136,165,8.77,11.0,13.0,8.77,165,0.479,0.0,62.0,15.8,165,0.085,0.0,6.0,3.5,165,0.036,0.0,2.0,1.5,165,5.291,11.0,19.0,5.356,165,0.024,0.0,1.0,1.0,165,0.636,0.0,37.0,26.25,165,0.03,0.0,2.0,1.667,358,7.084,11.0,14.0,7.084,358,0.028,0.0,3.0,1.429,358,0.02,0.0,2.0,1.167,358,0.036,0.0,2.0,1.444,358,5.687,12.0,30.0,5.751,358,0.017,0.0,2.0,2.0,358,0.419,0.0,20.0,13.636,358,0.0,0.0,0.0,0.0
decode-dbo-crosslayer,8,1024,20,OK,279.736,144,6.556,10.85,13.0,6.556,144,0.701,0.0,43.0,25.25,144,0.083,0.0,5.0,3.0,144,0.042,0.0,2.0,2.0,144,4.972,12.0,21.0,5.042,144,0.021,0.0,1.0,1.0,144,1.368,0.0,44.0,28.143,144,0.104,0.0,11.0,3.75,312,5.087,11.0,14.0,5.087,312,0.019,0.0,1.0,1.0,312,0.013,0.0,1.0,1.0,312,0.029,0.0,2.0,1.286,312,4.962,12.0,36.0,5.059,312,0.003,0.0,1.0,1.0,312,0.59,0.0,31.0,15.333,312,0.0,0.0,0.0,0.0
serial,16,1024,20,OK,250.576,112,8.429,12.0,15.0,8.429,112,1.634,0.0,70.0,45.75,112,0.357,0.0,22.0,10.0,112,0.098,0.0,4.0,2.75,112,5.616,11.45,25.0,5.616,112,0.098,0.45,3.0,1.833,112,1.33,0.0,51.0,37.25,112,0.188,0.0,17.0,7.0,240,5.183,12.0,15.0,5.183,240,0.033,0.0,2.0,1.6,240,0.021,0.0,1.0,1.0,240,0.033,0.0,2.0,1.143,240,4.733,11.0,28.0,4.834,240,0.046,0.0,9.0,3.667,240,0.675,0.15,37.0,13.5,240,0.013,0.0,1.0,1.0
decode-dbo,16,1024,20,OK,327.160,114,8.509,12.7,15.0,8.509,114,0.544,0.0,30.0,12.4,114,0.439,0.0,22.0,10.0,114,0.096,0.0,3.0,2.2,114,5.263,10.0,17.0,5.31,114,0.158,0.0,11.0,4.5,114,1.298,7.4,34.0,18.5,114,0.061,0.0,5.0,2.333,247,5.437,13.7,16.0,5.437,247,0.077,0.0,7.0,2.111,247,0.028,0.0,2.0,1.167,247,0.049,0.0,2.0,1.333,247,5.057,14.4,35.0,5.27,247,0.016,0.0,3.0,2.0,247,0.636,0.0,27.0,14.273,247,0.004,0.0,1.0,1.0
decode-dbo-crosslayer,16,1024,20,OK,308.643,113,8.549,13.2,15.0,8.549,113,0.779,0.0,76.0,29.333,113,0.204,0.0,18.0,7.667,113,0.088,0.0,3.0,2.5,113,5.558,10.4,16.0,5.607,113,0.257,1.0,19.0,3.625,113,1.549,5.8,44.0,21.875,113,0.088,0.0,6.0,3.333,241,5.245,13.0,15.0,5.245,241,0.05,0.0,3.0,1.714,241,0.029,0.0,2.0,1.167,241,0.062,0.0,3.0,1.5,241,4.967,13.0,28.0,5.029,241,0.004,0.0,1.0,1.0,241,0.689,0.0,27.0,13.833,241,0.008,0.0,1.0,1.0
serial,32,1024,20,OK,301.175,114,8.798,14.7,20.0,8.798,114,0.325,0.7,9.0,6.167,114,0.86,0.0,41.0,19.6,114,0.193,0.0,6.0,4.4,114,5.386,10.0,13.0,5.386,114,0.211,0.0,9.0,6.0,114,1.833,4.05,51.0,29.857,114,0.219,0.0,23.0,12.5,245,5.669,14.0,20.0,5.669,245,0.065,0.0,6.0,2.0,245,0.024,0.0,1.0,1.0,245,0.029,0.0,2.0,1.4,245,5.261,14.0,34.0,5.326,245,0.082,0.0,5.0,3.333,245,0.645,3.0,24.0,9.875,245,0.012,0.0,1.0,1.0
decode-dbo,32,1024,20,OK,361.277,114,8.939,16.05,20.0,8.939,114,0.939,0.0,58.0,21.4,114,1.061,6.0,34.0,17.286,114,0.175,0.35,5.0,3.333,114,5.412,11.35,20.0,5.412,114,0.333,1.05,9.0,6.333,114,1.956,13.0,55.0,24.778,114,0.202,0.0,11.0,4.6,247,5.692,16.0,20.0,5.692,247,0.081,0.0,9.0,3.333,247,0.065,0.0,6.0,1.6,247,0.04,0.0,1.0,1.0,247,5.089,12.7,28.0,5.282,247,0.049,0.0,5.0,3.0,247,0.822,5.1,20.0,13.533,247,0.012,0.0,1.0,1.0
decode-dbo-crosslayer,32,1024,20,OK,379.095,114,8.947,16.75,20.0,8.947,114,1.535,3.15,58.0,29.167,114,1.079,2.1,42.0,20.5,114,0.158,0.0,5.0,3.6,114,5.781,13.0,25.0,5.937,114,0.246,0.0,17.0,5.6,114,2.5,25.05,51.0,35.625,114,0.281,0.0,16.0,6.4,247,5.603,16.0,20.0,5.603,247,0.105,0.0,4.0,2.6,247,0.057,0.0,7.0,1.75,247,0.04,0.0,1.0,1.0,247,4.887,11.0,25.0,4.967,247,0.089,0.0,11.0,4.4,247,0.992,8.8,27.0,16.333,247,0.016,0.0,1.0,1.0
serial,64,1024,20,OK,436.585,118,10.39,25.45,30.0,10.39,118,1.805,12.15,63.0,26.625,118,1.398,10.3,35.0,18.333,118,0.314,0.45,8.0,6.167,118,5.805,12.0,21.0,5.905,118,0.085,0.0,6.0,2.5,118,2.347,24.0,44.0,27.7,118,0.492,2.15,23.0,8.286,254,6.213,19.35,27.0,6.213,254,0.15,0.0,14.0,3.455,254,0.016,0.0,1.0,1.0,254,0.02,0.0,1.0,1.0,254,5.059,14.0,27.0,5.181,254,0.13,0.0,6.0,4.125,254,0.846,6.0,41.0,9.773,254,0.035,0.0,3.0,1.5
decode-dbo,64,1024,20,OK,515.335,118,10.822,30.0,30.0,10.822,118,2.297,13.15,96.0,30.111,118,0.958,8.15,35.0,14.125,118,0.314,1.45,7.0,5.286,118,5.754,14.0,18.0,5.853,118,0.542,2.6,23.0,7.111,118,3.415,24.45,72.0,31.0,118,0.441,0.3,23.0,8.667,256,6.305,20.0,27.0,6.305,256,0.273,0.0,16.0,5.833,256,0.07,0.0,12.0,3.0,256,0.051,0.25,1.0,1.0,256,5.379,15.25,29.0,5.508,256,0.176,0.0,10.0,4.5,256,0.867,7.0,24.0,10.091,256,0.016,0.0,1.0,1.0
decode-dbo-crosslayer,64,1024,20,OK,518.782,118,10.729,30.0,30.0,10.729,118,1.212,3.45,61.0,20.429,118,1.898,9.15,69.0,28.0,118,0.331,2.6,6.0,4.875,118,5.958,12.3,20.0,6.009,118,0.424,1.15,18.0,6.25,118,3.983,41.0,82.0,39.167,118,0.263,0.0,22.0,7.75,256,6.613,20.0,27.0,6.613,256,0.172,1.0,13.0,2.933,256,0.168,0.25,8.0,3.308,256,0.047,0.0,2.0,1.091,256,5.555,12.0,32.0,5.643,256,0.066,0.0,9.0,2.833,256,1.207,10.0,41.0,13.435,256,0.023,0.0,2.0,1.2
serial,128,1024,20,OK,630.295,122,14.123,49.0,49.0,14.123,122,2.115,6.65,100.0,36.857,122,2.656,14.85,88.0,36.0,122,0.664,7.9,13.0,9.0,122,5.902,11.95,20.0,5.95,122,0.508,0.0,14.0,10.333,122,5.607,33.65,100.0,42.75,122,0.861,0.0,32.0,17.5,263,8.563,34.0,42.0,8.563,263,0.205,0.0,24.0,5.4,263,0.038,0.0,2.0,1.111,263,0.011,0.0,1.0,1.0,263,5.441,15.0,39.0,5.612,263,0.144,0.0,8.0,2.923,263,0.932,9.6,27.0,9.423,263,0.125,0.0,10.0,3.3
decode-dbo,128,1024,20,OK,700.608,123,14.325,49.0,49.0,14.325,123,4.764,26.7,100.0,58.6,123,2.301,15.9,71.0,35.375,123,0.65,6.0,13.0,8.0,123,6.537,13.9,25.0,6.537,123,0.927,10.1,27.0,12.667,123,6.317,47.6,100.0,45.706,123,0.35,0.0,13.0,7.167,267,8.61,33.7,42.0,8.61,267,0.521,1.0,29.0,8.688,267,0.12,0.0,15.0,4.571,267,0.03,0.0,1.0,1.0,267,5.644,13.0,28.0,5.752,267,0.157,0.0,11.0,3.818,267,1.356,12.1,27.0,11.312,267,0.101,0.0,16.0,13.5
decode-dbo-crosslayer,128,1024,20,OK,702.100,119,14.655,49.0,49.0,14.655,119,2.697,11.4,100.0,45.857,119,1.765,3.9,86.0,30.0,119,0.689,7.1,12.0,8.2,119,5.857,14.1,19.0,6.009,119,1.277,10.0,37.0,16.889,119,5.908,45.4,100.0,46.867,119,1.092,5.0,42.0,14.444,265,8.589,34.0,42.0,8.589,265,0.075,0.0,9.0,4.0,265,0.079,0.0,11.0,3.0,265,0.023,0.0,1.0,1.0,265,5.811,15.0,28.0,5.923,265,0.192,0.0,13.0,5.1,265,0.615,3.0,20.0,7.409,265,0.023,0.0,6.0,6.0
serial,256,1024,20,OK,1041.612,135,25.23,88.0,88.0,25.23,135,5.844,51.0,100.0,78.9,135,1.904,4.5,96.0,28.556,135,1.037,12.0,13.0,10.769,135,6.074,12.3,20.0,6.074,135,1.622,0.0,65.0,43.8,135,9.185,92.3,100.0,56.364,135,1.104,4.6,40.0,16.556,295,14.895,60.0,72.0,14.895,295,0.234,0.0,24.0,7.667,295,0.393,0.0,37.0,9.667,295,0.017,0.0,2.0,1.25,295,6.014,16.3,30.0,6.16,295,0.308,1.0,21.0,5.688,295,1.4,10.0,41.0,10.868,295,0.058,0.0,11.0,2.429
decode-dbo,256,1024,20,OK,1137.203,135,26.178,88.0,88.0,26.178,135,6.904,78.7,100.0,66.571,135,3.504,25.0,96.0,33.786,135,1.178,12.0,13.0,9.938,135,6.77,16.0,36.0,6.77,135,2.504,21.1,50.0,24.143,135,9.926,72.9,100.0,55.833,135,0.778,6.0,27.0,10.5,293,15.075,60.4,72.0,15.075,293,0.471,0.0,52.0,11.5,293,0.235,0.0,29.0,5.308,293,0.02,0.0,1.0,1.0,293,5.754,14.0,41.0,5.834,293,0.638,4.0,23.0,9.35,293,1.724,13.0,37.0,12.317,293,0.157,0.0,14.0,4.182
decode-dbo-crosslayer,256,1024,20,OK,1148.943,135,26.259,88.0,88.0,26.259,135,5.237,35.3,100.0,50.5,135,2.733,23.3,96.0,30.75,135,1.111,12.0,13.0,10.714,135,6.548,15.3,43.0,6.548,135,2.733,26.0,63.0,26.357,135,9.548,55.2,100.0,56.043,135,0.43,4.3,19.0,7.25,293,14.973,60.0,72.0,14.973,293,0.355,2.0,31.0,6.118,293,0.065,0.0,5.0,1.727,293,0.017,0.0,1.0,1.0,293,6.201,16.0,43.0,6.375,293,0.3,0.0,19.0,6.286,293,1.42,7.6,31.0,10.667,293,0.017,0.0,1.0,1.0
